[debug] [2025-07-28T02:38:19.527Z] ----------------------------------------------------------------------
[debug] [2025-07-28T02:38:19.540Z] Command:       C:\Program Files\nodejs\node.exe C:\Users\Administrator\AppData\Roaming\npm\node_modules\firebase-tools\lib\bin\firebase.js emulators:start --only functions
[debug] [2025-07-28T02:38:19.541Z] CLI Version:   14.11.1
[debug] [2025-07-28T02:38:19.541Z] Platform:      win32
[debug] [2025-07-28T02:38:19.541Z] Node Version:  v22.16.0
[debug] [2025-07-28T02:38:19.541Z] Time:          Mon Jul 28 2025 11:38:19 GMT+0900 (대한민국 표준시)
[debug] [2025-07-28T02:38:19.542Z] ----------------------------------------------------------------------
[debug] 
[debug] [2025-07-28T02:38:19.942Z] > command requires scopes: ["email","openid","https://www.googleapis.com/auth/cloudplatformprojects.readonly","https://www.googleapis.com/auth/firebase","https://www.googleapis.com/auth/cloud-platform"]
[debug] [2025-07-28T02:38:19.943Z] > authorizing via signed-in user (bumpi5778@gmail.com)
[info] i  emulators: Starting emulators: functions {"metadata":{"emulator":{"name":"hub"},"message":"Starting emulators: functions"}}
[debug] [2025-07-28T02:38:19.961Z] [logging] Logging Emulator only supports listening on one address (127.0.0.1). Not listening on ::1
[debug] [2025-07-28T02:38:19.962Z] assigned listening specs for emulators {"user":{"hub":[{"address":"127.0.0.1","family":"IPv4","port":4400},{"address":"::1","family":"IPv6","port":4400}],"ui":[{"address":"127.0.0.1","family":"IPv4","port":4000},{"address":"::1","family":"IPv6","port":4000}],"logging":[{"address":"127.0.0.1","family":"IPv4","port":4500}]},"metadata":{"message":"assigned listening specs for emulators"}}
[debug] [2025-07-28T02:38:19.976Z] [hub] writing locator at C:\Users\ADMINI~1\AppData\Local\Temp\hub-owl-running-achieve.json
[debug] [2025-07-28T02:38:20.035Z] [functions] Functions Emulator only supports listening on one address (127.0.0.1). Not listening on ::1
[debug] [2025-07-28T02:38:20.035Z] [eventarc] Eventarc Emulator only supports listening on one address (127.0.0.1). Not listening on ::1
[debug] [2025-07-28T02:38:20.036Z] [tasks] Cloud Tasks Emulator only supports listening on one address (127.0.0.1). Not listening on ::1
[debug] [2025-07-28T02:38:20.036Z] late-assigned ports for functions and eventarc emulators {"user":{"hub":[{"address":"127.0.0.1","family":"IPv4","port":4400},{"address":"::1","family":"IPv6","port":4400}],"ui":[{"address":"127.0.0.1","family":"IPv4","port":4000},{"address":"::1","family":"IPv6","port":4000}],"logging":[{"address":"127.0.0.1","family":"IPv4","port":4500}],"functions":[{"address":"127.0.0.1","family":"IPv4","port":5001}],"eventarc":[{"address":"127.0.0.1","family":"IPv4","port":9299}],"tasks":[{"address":"127.0.0.1","family":"IPv4","port":9499}]},"metadata":{"message":"late-assigned ports for functions and eventarc emulators"}}
[warn] !  functions: The following emulators are not running, calls to these services from the Functions emulator will affect production: apphosting, auth, firestore, database, hosting, pubsub, storage, dataconnect {"metadata":{"emulator":{"name":"functions"},"message":"The following emulators are not running, calls to these services from the Functions emulator will affect production: \u001b[1mapphosting, auth, firestore, database, hosting, pubsub, storage, dataconnect\u001b[22m"}}
[debug] [2025-07-28T02:38:20.059Z] defaultcredentials: writing to file C:\Users\Administrator\AppData\Roaming\firebase\bumpi5778_gmail_com_application_default_credentials.json
[debug] [2025-07-28T02:38:20.062Z] Setting GAC to C:\Users\Administrator\AppData\Roaming\firebase\bumpi5778_gmail_com_application_default_credentials.json {"metadata":{"emulator":{"name":"functions"},"message":"Setting GAC to C:\\Users\\Administrator\\AppData\\Roaming\\firebase\\bumpi5778_gmail_com_application_default_credentials.json"}}
[debug] [2025-07-28T02:38:20.063Z] Checked if tokens are valid: true, expires at: 1753671899302
[debug] [2025-07-28T02:38:20.064Z] Checked if tokens are valid: true, expires at: 1753671899302
[debug] [2025-07-28T02:38:20.065Z] >>> [apiv2][query] GET https://firebase.googleapis.com/v1beta1/projects/owl-running-achieve/adminSdkConfig [none]
[debug] [2025-07-28T02:38:21.134Z] <<< [apiv2][status] GET https://firebase.googleapis.com/v1beta1/projects/owl-running-achieve/adminSdkConfig 200
[debug] [2025-07-28T02:38:21.134Z] <<< [apiv2][body] GET https://firebase.googleapis.com/v1beta1/projects/owl-running-achieve/adminSdkConfig {"projectId":"owl-running-achieve","storageBucket":"owl-running-achieve.firebasestorage.app"}
[info] i  functions: Watching "C:\Users\Administrator\OneDrive - (주)에스앤씨랩\바탕 화면\Owl-Running-Achive\functions" for Cloud Functions... {"metadata":{"emulator":{"name":"functions"},"message":"Watching \"C:\\Users\\Administrator\\OneDrive - (주)에스앤씨랩\\바탕 화면\\Owl-Running-Achive\\functions\" for Cloud Functions..."}}
[debug] [2025-07-28T02:38:21.264Z] Validating nodejs source
[debug] [2025-07-28T02:38:24.477Z] > [functions] package.json contents: {
  "name": "functions",
  "type": "module",
  "scripts": {
    "lint": "eslint . --fix",
    "build": "tsc",
    "build:watch": "tsc --watch",
    "serve": "npm run build && firebase emulators:start --only functions",
    "shell": "npm run build && firebase functions:shell",
    "start": "npm run shell",
    "deploy": "firebase deploy --only functions",
    "logs": "firebase functions:log"
  },
  "engines": {
    "node": "22"
  },
  "main": "lib/index.js",
  "dependencies": {
    "axios": "^1.10.0",
    "firebase-admin": "^12.6.0",
    "firebase-functions": "^6.0.1"
  },
  "devDependencies": {
    "@typescript-eslint/eslint-plugin": "^8.38.0",
    "@typescript-eslint/parser": "^8.38.0",
    "eslint": "^9.31.0",
    "eslint-config-google": "^0.14.0",
    "eslint-plugin-import": "^2.25.4",
    "firebase-functions-test": "^3.1.0",
    "typescript": "^5.7.3"
  },
  "private": true
}
[debug] [2025-07-28T02:38:24.477Z] Building nodejs source
[debug] [2025-07-28T02:38:24.478Z] Failed to find version of module node: reached end of search path C:\Users\Administrator\OneDrive - (주)에스앤씨랩\바탕 화면\Owl-Running-Achive\functions\node_modules
[info] +  functions: Using node@22 from host. 
[debug] [2025-07-28T02:38:24.482Z] Could not find functions.yaml. Must use http discovery
[debug] [2025-07-28T02:38:24.490Z] Found firebase-functions binary at 'C:\Users\Administrator\OneDrive - (주)에스앤씨랩\바탕 화면\Owl-Running-Achive\functions\node_modules\.bin\firebase-functions'
[info] Serving at port 8357

[error] TypeError: Cannot read properties of undefined (reading 'client_id')
    at file:///C:/Users/Administrator/OneDrive%20-%20(%EC%A3%BC)%EC%97%90%EC%8A%A4%EC%95%A4%EC%94%A8%EB%9E%A9/%EB%B0%94%ED%83%95%20%ED%99%94%EB%A9%B4/Owl-Running-Achive/functions/lib/index.js:8:49
    at ModuleJobSync.runSync (node:internal/modules/esm/module_job:400:35)
    at ModuleLoader.importSyncForRequire (node:internal/modules/esm/loader:427:47)
    at loadESMFromCJS (node:internal/modules/cjs/loader:1561:24)
    at Module._compile (node:internal/modules/cjs/loader:1712:5)
    at Object..js (node:internal/modules/cjs/loader:1895:10)
    at Module.load (node:internal/modules/cjs/loader:1465:32)
    at Function._load (node:internal/modules/cjs/loader:1282:12)
    at TracingChannel.traceSync (node:diagnostics_channel:322:14)
    at wrapModuleLoad (node:internal/modules/cjs/loader:235:24)

[debug] [2025-07-28T02:38:31.434Z] Got response code 400; body Failed to generate manifest from function source: Cannot read properties of undefined (reading 'client_id')
[error] !!  functions: Failed to load function definition from source: FirebaseError: Functions codebase could not be analyzed successfully. It may have a syntax or runtime error {"metadata":{"emulator":{"name":"functions"},"message":"Failed to load function definition from source: FirebaseError: Functions codebase could not be analyzed successfully. It may have a syntax or runtime error"}}
[debug] [2025-07-28T02:38:35.509Z] Could not find VSCode notification endpoint: FetchError: request to http://localhost:40001/vscode/notify failed, reason: . If you are not running the Firebase Data Connect VSCode extension, this is expected and not an issue.
[info] 
┌─────────────────────────────────────────────────────────────┐
│ ✔  All emulators ready! It is now safe to connect your app. │
│ i  View Emulator UI at http://127.0.0.1:4000/               │
└─────────────────────────────────────────────────────────────┘

┌───────────┬────────────────┬─────────────────────────────────┐
│ Emulator  │ Host:Port      │ View in Emulator UI             │
├───────────┼────────────────┼─────────────────────────────────┤
│ Functions │ 127.0.0.1:5001 │ http://127.0.0.1:4000/functions │
└───────────┴────────────────┴─────────────────────────────────┘
  Emulator Hub host: 127.0.0.1 port: 4400
  Other reserved ports: 4500

Issues? Report them at https://github.com/firebase/firebase-tools/issues and attach the *-debug.log files.
 
[debug] [2025-07-28T02:54:25.132Z] File C:\Users\Administrator\OneDrive - (주)에스앤씨랩\바탕 화면\Owl-Running-Achive\functions\src\index.ts changed, reloading triggers {"metadata":{"emulator":{"name":"functions"},"message":"File C:\\Users\\Administrator\\OneDrive - (주)에스앤씨랩\\바탕 화면\\Owl-Running-Achive\\functions\\src\\index.ts changed, reloading triggers"}}
[debug] [2025-07-28T02:54:25.241Z] File C:\Users\Administrator\OneDrive - (주)에스앤씨랩\바탕 화면\Owl-Running-Achive\functions\src\index.ts changed, reloading triggers {"metadata":{"emulator":{"name":"functions"},"message":"File C:\\Users\\Administrator\\OneDrive - (주)에스앤씨랩\\바탕 화면\\Owl-Running-Achive\\functions\\src\\index.ts changed, reloading triggers"}}
[debug] [2025-07-28T02:54:25.242Z] File C:\Users\Administrator\OneDrive - (주)에스앤씨랩\바탕 화면\Owl-Running-Achive\functions\tsconfig.json changed, reloading triggers {"metadata":{"emulator":{"name":"functions"},"message":"File C:\\Users\\Administrator\\OneDrive - (주)에스앤씨랩\\바탕 화면\\Owl-Running-Achive\\functions\\tsconfig.json changed, reloading triggers"}}
[debug] [2025-07-28T02:54:26.306Z] Validating nodejs source
[debug] [2025-07-28T02:54:34.659Z] > [functions] package.json contents: {
  "name": "functions",
  "type": "module",
  "scripts": {
    "lint": "eslint . --fix",
    "build": "tsc",
    "build:watch": "tsc --watch",
    "serve": "npm run build && firebase emulators:start --only functions",
    "shell": "npm run build && firebase functions:shell",
    "start": "npm run shell",
    "deploy": "firebase deploy --only functions",
    "logs": "firebase functions:log"
  },
  "engines": {
    "node": "22"
  },
  "main": "lib/index.js",
  "dependencies": {
    "axios": "^1.10.0",
    "firebase-admin": "^12.6.0",
    "firebase-functions": "^6.0.1"
  },
  "devDependencies": {
    "@typescript-eslint/eslint-plugin": "^8.38.0",
    "@typescript-eslint/parser": "^8.38.0",
    "eslint": "^9.31.0",
    "eslint-config-google": "^0.14.0",
    "eslint-plugin-import": "^2.25.4",
    "firebase-functions-test": "^3.1.0",
    "typescript": "^5.7.3"
  },
  "private": true
}
[debug] [2025-07-28T02:54:34.668Z] Building nodejs source
[debug] [2025-07-28T02:54:34.669Z] Failed to find version of module node: reached end of search path C:\Users\Administrator\OneDrive - (주)에스앤씨랩\바탕 화면\Owl-Running-Achive\functions\node_modules
[info] +  functions: Using node@22 from host. 
[debug] [2025-07-28T02:54:34.728Z] Could not find functions.yaml. Must use http discovery
[debug] [2025-07-28T02:54:34.793Z] Found firebase-functions binary at 'C:\Users\Administrator\OneDrive - (주)에스앤씨랩\바탕 화면\Owl-Running-Achive\functions\node_modules\.bin\firebase-functions'
[info] Serving at port 8511

[error] TypeError: Cannot read properties of undefined (reading 'client_id')
    at file:///C:/Users/Administrator/OneDrive%20-%20(%EC%A3%BC)%EC%97%90%EC%8A%A4%EC%95%A4%EC%94%A8%EB%9E%A9/%EB%B0%94%ED%83%95%20%ED%99%94%EB%A9%B4/Owl-Running-Achive/functions/lib/index.js:8:49
    at ModuleJobSync.runSync (node:internal/modules/esm/module_job:400:35)
    at ModuleLoader.importSyncForRequire (node:internal/modules/esm/loader:427:47)
    at loadESMFromCJS (node:internal/modules/cjs/loader:1561:24)
    at Module._compile (node:internal/modules/cjs/loader:1712:5)
    at Object..js (node:internal/modules/cjs/loader:1895:10)
    at Module.load (node:internal/modules/cjs/loader:1465:32)
    at Function._load (node:internal/modules/cjs/loader:1282:12)
    at TracingChannel.traceSync (node:diagnostics_channel:322:14)
    at wrapModuleLoad (node:internal/modules/cjs/loader:235:24)

[debug] [2025-07-28T02:54:37.205Z] Got response code 400; body Failed to generate manifest from function source: Cannot read properties of undefined (reading 'client_id')
[error] !!  functions: Failed to load function definition from source: FirebaseError: Functions codebase could not be analyzed successfully. It may have a syntax or runtime error {"metadata":{"emulator":{"name":"functions"},"message":"Failed to load function definition from source: FirebaseError: Functions codebase could not be analyzed successfully. It may have a syntax or runtime error"}}
[debug] [2025-07-28T02:58:24.665Z] File C:\Users\Administrator\OneDrive - (주)에스앤씨랩\바탕 화면\Owl-Running-Achive\functions\tsconfig.json changed, reloading triggers {"metadata":{"emulator":{"name":"functions"},"message":"File C:\\Users\\Administrator\\OneDrive - (주)에스앤씨랩\\바탕 화면\\Owl-Running-Achive\\functions\\tsconfig.json changed, reloading triggers"}}
[debug] [2025-07-28T02:58:24.676Z] File C:\Users\Administrator\OneDrive - (주)에스앤씨랩\바탕 화면\Owl-Running-Achive\functions\src\index.ts changed, reloading triggers {"metadata":{"emulator":{"name":"functions"},"message":"File C:\\Users\\Administrator\\OneDrive - (주)에스앤씨랩\\바탕 화면\\Owl-Running-Achive\\functions\\src\\index.ts changed, reloading triggers"}}
[debug] [2025-07-28T02:58:25.694Z] Validating nodejs source
[debug] [2025-07-28T02:58:28.149Z] > [functions] package.json contents: {
  "name": "functions",
  "type": "module",
  "scripts": {
    "lint": "eslint . --fix",
    "build": "tsc",
    "build:watch": "tsc --watch",
    "serve": "npm run build && firebase emulators:start --only functions",
    "shell": "npm run build && firebase functions:shell",
    "start": "npm run shell",
    "deploy": "firebase deploy --only functions",
    "logs": "firebase functions:log"
  },
  "engines": {
    "node": "22"
  },
  "main": "lib/index.js",
  "dependencies": {
    "axios": "^1.10.0",
    "firebase-admin": "^12.6.0",
    "firebase-functions": "^6.0.1"
  },
  "devDependencies": {
    "@typescript-eslint/eslint-plugin": "^8.38.0",
    "@typescript-eslint/parser": "^8.38.0",
    "eslint": "^9.31.0",
    "eslint-config-google": "^0.14.0",
    "eslint-plugin-import": "^2.25.4",
    "firebase-functions-test": "^3.1.0",
    "typescript": "^5.7.3"
  },
  "private": true
}
[debug] [2025-07-28T02:58:28.150Z] Building nodejs source
[debug] [2025-07-28T02:58:28.150Z] Failed to find version of module node: reached end of search path C:\Users\Administrator\OneDrive - (주)에스앤씨랩\바탕 화면\Owl-Running-Achive\functions\node_modules
[info] +  functions: Using node@22 from host. 
[debug] [2025-07-28T02:58:28.161Z] Could not find functions.yaml. Must use http discovery
[debug] [2025-07-28T02:58:28.174Z] Found firebase-functions binary at 'C:\Users\Administrator\OneDrive - (주)에스앤씨랩\바탕 화면\Owl-Running-Achive\functions\node_modules\.bin\firebase-functions'
[info] Serving at port 8851

[error] TypeError: Cannot read properties of undefined (reading 'client_id')
    at file:///C:/Users/Administrator/OneDrive%20-%20(%EC%A3%BC)%EC%97%90%EC%8A%A4%EC%95%A4%EC%94%A8%EB%9E%A9/%EB%B0%94%ED%83%95%20%ED%99%94%EB%A9%B4/Owl-Running-Achive/functions/lib/index.js:8:49
    at ModuleJobSync.runSync (node:internal/modules/esm/module_job:400:35)
    at ModuleLoader.importSyncForRequire (node:internal/modules/esm/loader:427:47)
    at loadESMFromCJS (node:internal/modules/cjs/loader:1561:24)
    at Module._compile (node:internal/modules/cjs/loader:1712:5)
    at Object..js (node:internal/modules/cjs/loader:1895:10)
    at Module.load (node:internal/modules/cjs/loader:1465:32)
    at Function._load (node:internal/modules/cjs/loader:1282:12)
    at TracingChannel.traceSync (node:diagnostics_channel:322:14)
    at wrapModuleLoad (node:internal/modules/cjs/loader:235:24)

[debug] [2025-07-28T02:58:30.016Z] Got response code 400; body Failed to generate manifest from function source: Cannot read properties of undefined (reading 'client_id')
[error] !!  functions: Failed to load function definition from source: FirebaseError: Functions codebase could not be analyzed successfully. It may have a syntax or runtime error {"metadata":{"emulator":{"name":"functions"},"message":"Failed to load function definition from source: FirebaseError: Functions codebase could not be analyzed successfully. It may have a syntax or runtime error"}}
[debug] [2025-07-28T04:04:30.136Z] File C:\Users\Administrator\OneDrive - (주)에스앤씨랩\바탕 화면\Owl-Running-Achive\functions\tsconfig.json changed, reloading triggers {"metadata":{"emulator":{"name":"functions"},"message":"File C:\\Users\\Administrator\\OneDrive - (주)에스앤씨랩\\바탕 화면\\Owl-Running-Achive\\functions\\tsconfig.json changed, reloading triggers"}}
[debug] [2025-07-28T04:04:31.326Z] Validating nodejs source
[debug] [2025-07-28T04:04:34.844Z] > [functions] package.json contents: {
  "name": "functions",
  "type": "module",
  "scripts": {
    "lint": "eslint . --fix",
    "build": "tsc",
    "build:watch": "tsc --watch",
    "serve": "npm run build && firebase emulators:start --only functions",
    "shell": "npm run build && firebase functions:shell",
    "start": "npm run shell",
    "deploy": "firebase deploy --only functions",
    "logs": "firebase functions:log"
  },
  "engines": {
    "node": "22"
  },
  "main": "lib/index.js",
  "dependencies": {
    "axios": "^1.10.0",
    "firebase-admin": "^12.6.0",
    "firebase-functions": "^6.0.1"
  },
  "devDependencies": {
    "@typescript-eslint/eslint-plugin": "^8.38.0",
    "@typescript-eslint/parser": "^8.38.0",
    "eslint": "^9.31.0",
    "eslint-config-google": "^0.14.0",
    "eslint-plugin-import": "^2.25.4",
    "firebase-functions-test": "^3.1.0",
    "typescript": "^5.7.3"
  },
  "private": true
}
[debug] [2025-07-28T04:04:34.845Z] Building nodejs source
[debug] [2025-07-28T04:04:34.846Z] Failed to find version of module node: reached end of search path C:\Users\Administrator\OneDrive - (주)에스앤씨랩\바탕 화면\Owl-Running-Achive\functions\node_modules
[info] +  functions: Using node@22 from host. 
[debug] [2025-07-28T04:04:34.868Z] Could not find functions.yaml. Must use http discovery
[debug] [2025-07-28T04:04:34.888Z] Found firebase-functions binary at 'C:\Users\Administrator\OneDrive - (주)에스앤씨랩\바탕 화면\Owl-Running-Achive\functions\node_modules\.bin\firebase-functions'
[info] Serving at port 8608

[error] TypeError: Cannot read properties of undefined (reading 'client_id')
    at file:///C:/Users/Administrator/OneDrive%20-%20(%EC%A3%BC)%EC%97%90%EC%8A%A4%EC%95%A4%EC%94%A8%EB%9E%A9/%EB%B0%94%ED%83%95%20%ED%99%94%EB%A9%B4/Owl-Running-Achive/functions/lib/index.js:8:49
    at ModuleJobSync.runSync (node:internal/modules/esm/module_job:400:35)
    at ModuleLoader.importSyncForRequire (node:internal/modules/esm/loader:427:47)
    at loadESMFromCJS (node:internal/modules/cjs/loader:1561:24)
    at Module._compile (node:internal/modules/cjs/loader:1712:5)
    at Object..js (node:internal/modules/cjs/loader:1895:10)
    at Module.load (node:internal/modules/cjs/loader:1465:32)
    at Function._load (node:internal/modules/cjs/loader:1282:12)
    at TracingChannel.traceSync (node:diagnostics_channel:322:14)
    at wrapModuleLoad (node:internal/modules/cjs/loader:235:24)

[debug] [2025-07-28T04:04:36.798Z] Got response code 400; body Failed to generate manifest from function source: Cannot read properties of undefined (reading 'client_id')
[error] !!  functions: Failed to load function definition from source: FirebaseError: Functions codebase could not be analyzed successfully. It may have a syntax or runtime error {"metadata":{"emulator":{"name":"functions"},"message":"Failed to load function definition from source: FirebaseError: Functions codebase could not be analyzed successfully. It may have a syntax or runtime error"}}
[debug] [2025-07-28T04:06:34.443Z] File C:\Users\Administrator\OneDrive - (주)에스앤씨랩\바탕 화면\Owl-Running-Achive\functions\tsconfig.json changed, reloading triggers {"metadata":{"emulator":{"name":"functions"},"message":"File C:\\Users\\Administrator\\OneDrive - (주)에스앤씨랩\\바탕 화면\\Owl-Running-Achive\\functions\\tsconfig.json changed, reloading triggers"}}
[debug] [2025-07-28T04:06:35.459Z] Validating nodejs source
[debug] [2025-07-28T04:06:37.106Z] > [functions] package.json contents: {
  "name": "functions",
  "type": "module",
  "scripts": {
    "lint": "eslint . --fix",
    "build": "tsc",
    "build:watch": "tsc --watch",
    "serve": "npm run build && firebase emulators:start --only functions",
    "shell": "npm run build && firebase functions:shell",
    "start": "npm run shell",
    "deploy": "firebase deploy --only functions",
    "logs": "firebase functions:log"
  },
  "engines": {
    "node": "22"
  },
  "main": "lib/index.js",
  "dependencies": {
    "axios": "^1.10.0",
    "firebase-admin": "^12.6.0",
    "firebase-functions": "^6.0.1"
  },
  "devDependencies": {
    "@typescript-eslint/eslint-plugin": "^8.38.0",
    "@typescript-eslint/parser": "^8.38.0",
    "eslint": "^9.31.0",
    "eslint-config-google": "^0.14.0",
    "eslint-plugin-import": "^2.25.4",
    "firebase-functions-test": "^3.1.0",
    "typescript": "^5.7.3"
  },
  "private": true
}
[debug] [2025-07-28T04:06:37.106Z] Building nodejs source
[debug] [2025-07-28T04:06:37.106Z] Failed to find version of module node: reached end of search path C:\Users\Administrator\OneDrive - (주)에스앤씨랩\바탕 화면\Owl-Running-Achive\functions\node_modules
[info] +  functions: Using node@22 from host. 
[debug] [2025-07-28T04:06:37.109Z] Could not find functions.yaml. Must use http discovery
[debug] [2025-07-28T04:06:37.118Z] Found firebase-functions binary at 'C:\Users\Administrator\OneDrive - (주)에스앤씨랩\바탕 화면\Owl-Running-Achive\functions\node_modules\.bin\firebase-functions'
[info] Serving at port 8983

[error] TypeError: Cannot read properties of undefined (reading 'client_id')
    at file:///C:/Users/Administrator/OneDrive%20-%20(%EC%A3%BC)%EC%97%90%EC%8A%A4%EC%95%A4%EC%94%A8%EB%9E%A9/%EB%B0%94%ED%83%95%20%ED%99%94%EB%A9%B4/Owl-Running-Achive/functions/lib/index.js:8:49
    at ModuleJobSync.runSync (node:internal/modules/esm/module_job:400:35)
    at ModuleLoader.importSyncForRequire (node:internal/modules/esm/loader:427:47)
    at loadESMFromCJS (node:internal/modules/cjs/loader:1561:24)
    at Module._compile (node:internal/modules/cjs/loader:1712:5)
    at Object..js (node:internal/modules/cjs/loader:1895:10)
    at Module.load (node:internal/modules/cjs/loader:1465:32)
    at Function._load (node:internal/modules/cjs/loader:1282:12)
    at TracingChannel.traceSync (node:diagnostics_channel:322:14)
    at wrapModuleLoad (node:internal/modules/cjs/loader:235:24)

[debug] [2025-07-28T04:06:39.072Z] Got response code 400; body Failed to generate manifest from function source: Cannot read properties of undefined (reading 'client_id')
[error] !!  functions: Failed to load function definition from source: FirebaseError: Functions codebase could not be analyzed successfully. It may have a syntax or runtime error {"metadata":{"emulator":{"name":"functions"},"message":"Failed to load function definition from source: FirebaseError: Functions codebase could not be analyzed successfully. It may have a syntax or runtime error"}}
[debug] [2025-07-28T04:08:37.270Z] File C:\Users\Administrator\OneDrive - (주)에스앤씨랩\바탕 화면\Owl-Running-Achive\functions\src\index.ts changed, reloading triggers {"metadata":{"emulator":{"name":"functions"},"message":"File C:\\Users\\Administrator\\OneDrive - (주)에스앤씨랩\\바탕 화면\\Owl-Running-Achive\\functions\\src\\index.ts changed, reloading triggers"}}
[debug] [2025-07-28T04:08:38.678Z] Validating nodejs source
[debug] [2025-07-28T04:08:42.706Z] > [functions] package.json contents: {
  "name": "functions",
  "type": "module",
  "scripts": {
    "lint": "eslint . --fix",
    "build": "tsc",
    "build:watch": "tsc --watch",
    "serve": "npm run build && firebase emulators:start --only functions",
    "shell": "npm run build && firebase functions:shell",
    "start": "npm run shell",
    "deploy": "firebase deploy --only functions",
    "logs": "firebase functions:log"
  },
  "engines": {
    "node": "22"
  },
  "main": "lib/index.js",
  "dependencies": {
    "axios": "^1.10.0",
    "firebase-admin": "^12.6.0",
    "firebase-functions": "^6.0.1"
  },
  "devDependencies": {
    "@typescript-eslint/eslint-plugin": "^8.38.0",
    "@typescript-eslint/parser": "^8.38.0",
    "eslint": "^9.31.0",
    "eslint-config-google": "^0.14.0",
    "eslint-plugin-import": "^2.25.4",
    "firebase-functions-test": "^3.1.0",
    "typescript": "^5.7.3"
  },
  "private": true
}
[debug] [2025-07-28T04:08:42.707Z] Building nodejs source
[debug] [2025-07-28T04:08:42.707Z] Failed to find version of module node: reached end of search path C:\Users\Administrator\OneDrive - (주)에스앤씨랩\바탕 화면\Owl-Running-Achive\functions\node_modules
[info] +  functions: Using node@22 from host. 
[debug] [2025-07-28T04:08:42.716Z] Could not find functions.yaml. Must use http discovery
[debug] [2025-07-28T04:08:42.731Z] Found firebase-functions binary at 'C:\Users\Administrator\OneDrive - (주)에스앤씨랩\바탕 화면\Owl-Running-Achive\functions\node_modules\.bin\firebase-functions'
[info] Serving at port 8922

[error] FirebaseAppError: Failed to parse service account json file: Error: ENOENT: no such file or directory, open 'C:\Users\Administrator\OneDrive - (주)에스앤씨랩\바탕 화면\Owl-Running-Achive\owl-running-achieve-firebase-adminsdk-fbsvc-a52ce88a5f.json'
    at ServiceAccount.fromPath (C:\Users\Administrator\OneDrive - (주)에스앤씨랩\바탕 화면\Owl-Running-Achive\functions\node_modules\firebase-admin\lib\app\credential-internal.js:124:19)
    at new ServiceAccountCredential (C:\Users\Administrator\OneDrive - (주)에스앤씨랩\바탕 화면\Owl-Running-Achive\functions\node_modules\firebase-admin\lib\app\credential-internal.js:69:28)
    at Object.cert (C:\Users\Administrator\OneDrive - (주)에스앤씨랩\바탕 화면\Owl-Running-Achive\functions\node_modules\firebase-admin\lib\app\credential-factory.js:103:54)
    at file:///C:/Users/Administrator/OneDrive%20-%20(%EC%A3%BC)%EC%97%90%EC%8A%A4%EC%95%A4%EC%94%A8%EB%9E%A9/%EB%B0%94%ED%83%95%20%ED%99%94%EB%A9%B4/Owl-Running-Achive/functions/lib/index.js:5:34
    at ModuleJobSync.runSync (node:internal/modules/esm/module_job:400:35)
    at ModuleLoader.importSyncForRequire (node:internal/modules/esm/loader:427:47)
    at loadESMFromCJS (node:internal/modules/cjs/loader:1561:24)
    at Module._compile (node:internal/modules/cjs/loader:1712:5)
    at Object..js (node:internal/modules/cjs/loader:1895:10)
    at Module.load (node:internal/modules/cjs/loader:1465:32) {
  errorInfo: {
    code: 'app/invalid-credential',
    message: "Failed to parse service account json file: Error: ENOENT: no such file or directory, open 'C:\\Users\\Administrator\\OneDrive - (주)에스앤씨랩\\바탕 화면\\Owl-Running-Achive\\owl-running-achieve-firebase-adminsdk-fbsvc-a52ce88a5f.json'"
  },
  codePrefix: 'app'
}

[debug] [2025-07-28T04:08:45.183Z] Got response code 400; body Failed to generate manifest from function source: Failed to parse service account json file: Error: ENOENT: no such file or directory, open 'C:\Users\Administrator\OneDrive - (주)에스앤씨랩\바탕 화면\Owl-Running-Achive\owl-running-achieve-firebase-adminsdk-fbsvc-a52ce88a5f.json'
[error] !!  functions: Failed to load function definition from source: FirebaseError: Functions codebase could not be analyzed successfully. It may have a syntax or runtime error {"metadata":{"emulator":{"name":"functions"},"message":"Failed to load function definition from source: FirebaseError: Functions codebase could not be analyzed successfully. It may have a syntax or runtime error"}}
[debug] [2025-07-28T04:09:04.692Z] File C:\Users\Administrator\OneDrive - (주)에스앤씨랩\바탕 화면\Owl-Running-Achive\functions\tsconfig.json changed, reloading triggers {"metadata":{"emulator":{"name":"functions"},"message":"File C:\\Users\\Administrator\\OneDrive - (주)에스앤씨랩\\바탕 화면\\Owl-Running-Achive\\functions\\tsconfig.json changed, reloading triggers"}}
[debug] [2025-07-28T04:09:05.701Z] Validating nodejs source
[debug] [2025-07-28T04:09:09.362Z] > [functions] package.json contents: {
  "name": "functions",
  "type": "module",
  "scripts": {
    "lint": "eslint . --fix",
    "build": "tsc",
    "build:watch": "tsc --watch",
    "serve": "npm run build && firebase emulators:start --only functions",
    "shell": "npm run build && firebase functions:shell",
    "start": "npm run shell",
    "deploy": "firebase deploy --only functions",
    "logs": "firebase functions:log"
  },
  "engines": {
    "node": "22"
  },
  "main": "lib/index.js",
  "dependencies": {
    "axios": "^1.10.0",
    "firebase-admin": "^12.6.0",
    "firebase-functions": "^6.0.1"
  },
  "devDependencies": {
    "@typescript-eslint/eslint-plugin": "^8.38.0",
    "@typescript-eslint/parser": "^8.38.0",
    "eslint": "^9.31.0",
    "eslint-config-google": "^0.14.0",
    "eslint-plugin-import": "^2.25.4",
    "firebase-functions-test": "^3.1.0",
    "typescript": "^5.7.3"
  },
  "private": true
}
[debug] [2025-07-28T04:09:09.363Z] Building nodejs source
[debug] [2025-07-28T04:09:09.363Z] Failed to find version of module node: reached end of search path C:\Users\Administrator\OneDrive - (주)에스앤씨랩\바탕 화면\Owl-Running-Achive\functions\node_modules
[info] +  functions: Using node@22 from host. 
[debug] [2025-07-28T04:09:09.364Z] Could not find functions.yaml. Must use http discovery
[debug] [2025-07-28T04:09:09.371Z] Found firebase-functions binary at 'C:\Users\Administrator\OneDrive - (주)에스앤씨랩\바탕 화면\Owl-Running-Achive\functions\node_modules\.bin\firebase-functions'
[info] Serving at port 8888

[error] FirebaseAppError: Failed to parse service account json file: Error: ENOENT: no such file or directory, open 'C:\Users\Administrator\OneDrive - (주)에스앤씨랩\바탕 화면\Owl-Running-Achive\owl-running-achieve-firebase-adminsdk-fbsvc-a52ce88a5f.json'
    at ServiceAccount.fromPath (C:\Users\Administrator\OneDrive - (주)에스앤씨랩\바탕 화면\Owl-Running-Achive\functions\node_modules\firebase-admin\lib\app\credential-internal.js:124:19)
    at new ServiceAccountCredential (C:\Users\Administrator\OneDrive - (주)에스앤씨랩\바탕 화면\Owl-Running-Achive\functions\node_modules\firebase-admin\lib\app\credential-internal.js:69:28)
    at Object.cert (C:\Users\Administrator\OneDrive - (주)에스앤씨랩\바탕 화면\Owl-Running-Achive\functions\node_modules\firebase-admin\lib\app\credential-factory.js:103:54)
    at file:///C:/Users/Administrator/OneDrive%20-%20(%EC%A3%BC)%EC%97%90%EC%8A%A4%EC%95%A4%EC%94%A8%EB%9E%A9/%EB%B0%94%ED%83%95%20%ED%99%94%EB%A9%B4/Owl-Running-Achive/functions/lib/index.js:5:34
    at ModuleJobSync.runSync (node:internal/modules/esm/module_job:400:35)
    at ModuleLoader.importSyncForRequire (node:internal/modules/esm/loader:427:47)
    at loadESMFromCJS (node:internal/modules/cjs/loader:1561:24)
    at Module._compile (node:internal/modules/cjs/loader:1712:5)
    at Object..js (node:internal/modules/cjs/loader:1895:10)
    at Module.load (node:internal/modules/cjs/loader:1465:32) {
  errorInfo: {
    code: 'app/invalid-credential',
    message: "Failed to parse service account json file: Error: ENOENT: no such file or directory, open 'C:\\Users\\Administrator\\OneDrive - (주)에스앤씨랩\\바탕 화면\\Owl-Running-Achive\\owl-running-achieve-firebase-adminsdk-fbsvc-a52ce88a5f.json'"
  },
  codePrefix: 'app'
}

[debug] [2025-07-28T04:09:10.853Z] Got response code 400; body Failed to generate manifest from function source: Failed to parse service account json file: Error: ENOENT: no such file or directory, open 'C:\Users\Administrator\OneDrive - (주)에스앤씨랩\바탕 화면\Owl-Running-Achive\owl-running-achieve-firebase-adminsdk-fbsvc-a52ce88a5f.json'
[error] !!  functions: Failed to load function definition from source: FirebaseError: Functions codebase could not be analyzed successfully. It may have a syntax or runtime error {"metadata":{"emulator":{"name":"functions"},"message":"Failed to load function definition from source: FirebaseError: Functions codebase could not be analyzed successfully. It may have a syntax or runtime error"}}
[debug] [2025-07-28T04:11:55.205Z] File C:\Users\Administrator\OneDrive - (주)에스앤씨랩\바탕 화면\Owl-Running-Achive\functions\tsconfig.json changed, reloading triggers {"metadata":{"emulator":{"name":"functions"},"message":"File C:\\Users\\Administrator\\OneDrive - (주)에스앤씨랩\\바탕 화면\\Owl-Running-Achive\\functions\\tsconfig.json changed, reloading triggers"}}
[debug] [2025-07-28T04:11:55.238Z] File C:\Users\Administrator\OneDrive - (주)에스앤씨랩\바탕 화면\Owl-Running-Achive\functions\src\index.ts changed, reloading triggers {"metadata":{"emulator":{"name":"functions"},"message":"File C:\\Users\\Administrator\\OneDrive - (주)에스앤씨랩\\바탕 화면\\Owl-Running-Achive\\functions\\src\\index.ts changed, reloading triggers"}}
[debug] [2025-07-28T04:11:56.267Z] Validating nodejs source
[debug] [2025-07-28T04:11:58.236Z] > [functions] package.json contents: {
  "name": "functions",
  "type": "module",
  "scripts": {
    "lint": "eslint . --fix",
    "build": "tsc",
    "build:watch": "tsc --watch",
    "serve": "npm run build && firebase emulators:start --only functions",
    "shell": "npm run build && firebase functions:shell",
    "start": "npm run shell",
    "deploy": "firebase deploy --only functions",
    "logs": "firebase functions:log"
  },
  "engines": {
    "node": "22"
  },
  "main": "lib/index.js",
  "dependencies": {
    "axios": "^1.10.0",
    "firebase-admin": "^12.6.0",
    "firebase-functions": "^6.0.1"
  },
  "devDependencies": {
    "@typescript-eslint/eslint-plugin": "^8.38.0",
    "@typescript-eslint/parser": "^8.38.0",
    "eslint": "^9.31.0",
    "eslint-config-google": "^0.14.0",
    "eslint-plugin-import": "^2.25.4",
    "firebase-functions-test": "^3.1.0",
    "typescript": "^5.7.3"
  },
  "private": true
}
[debug] [2025-07-28T04:11:58.237Z] Building nodejs source
[debug] [2025-07-28T04:11:58.238Z] Failed to find version of module node: reached end of search path C:\Users\Administrator\OneDrive - (주)에스앤씨랩\바탕 화면\Owl-Running-Achive\functions\node_modules
[info] +  functions: Using node@22 from host. 
[debug] [2025-07-28T04:11:58.266Z] Could not find functions.yaml. Must use http discovery
[debug] [2025-07-28T04:11:58.283Z] Found firebase-functions binary at 'C:\Users\Administrator\OneDrive - (주)에스앤씨랩\바탕 화면\Owl-Running-Achive\functions\node_modules\.bin\firebase-functions'
[info] Serving at port 8815

[error] FirebaseAppError: Failed to parse service account json file: Error: ENOENT: no such file or directory, open 'C:\Users\Administrator\OneDrive - (주)에스앤씨랩\바탕 화면\Owl-Running-Achive\owl-running-achieve-firebase-adminsdk-fbsvc-a52ce88a5f.json'
    at ServiceAccount.fromPath (C:\Users\Administrator\OneDrive - (주)에스앤씨랩\바탕 화면\Owl-Running-Achive\functions\node_modules\firebase-admin\lib\app\credential-internal.js:124:19)
    at new ServiceAccountCredential (C:\Users\Administrator\OneDrive - (주)에스앤씨랩\바탕 화면\Owl-Running-Achive\functions\node_modules\firebase-admin\lib\app\credential-internal.js:69:28)
    at Object.cert (C:\Users\Administrator\OneDrive - (주)에스앤씨랩\바탕 화면\Owl-Running-Achive\functions\node_modules\firebase-admin\lib\app\credential-factory.js:103:54)
    at file:///C:/Users/Administrator/OneDrive%20-%20(%EC%A3%BC)%EC%97%90%EC%8A%A4%EC%95%A4%EC%94%A8%EB%9E%A9/%EB%B0%94%ED%83%95%20%ED%99%94%EB%A9%B4/Owl-Running-Achive/functions/lib/index.js:5:34
    at ModuleJobSync.runSync (node:internal/modules/esm/module_job:400:35)
    at ModuleLoader.importSyncForRequire (node:internal/modules/esm/loader:427:47)
    at loadESMFromCJS (node:internal/modules/cjs/loader:1561:24)
    at Module._compile (node:internal/modules/cjs/loader:1712:5)
    at Object..js (node:internal/modules/cjs/loader:1895:10)
    at Module.load (node:internal/modules/cjs/loader:1465:32) {
  errorInfo: {
    code: 'app/invalid-credential',
    message: "Failed to parse service account json file: Error: ENOENT: no such file or directory, open 'C:\\Users\\Administrator\\OneDrive - (주)에스앤씨랩\\바탕 화면\\Owl-Running-Achive\\owl-running-achieve-firebase-adminsdk-fbsvc-a52ce88a5f.json'"
  },
  codePrefix: 'app'
}

[debug] [2025-07-28T04:12:07.833Z] Got response code 400; body Failed to generate manifest from function source: Failed to parse service account json file: Error: ENOENT: no such file or directory, open 'C:\Users\Administrator\OneDrive - (주)에스앤씨랩\바탕 화면\Owl-Running-Achive\owl-running-achieve-firebase-adminsdk-fbsvc-a52ce88a5f.json'
[error] !!  functions: Failed to load function definition from source: FirebaseError: Functions codebase could not be analyzed successfully. It may have a syntax or runtime error {"metadata":{"emulator":{"name":"functions"},"message":"Failed to load function definition from source: FirebaseError: Functions codebase could not be analyzed successfully. It may have a syntax or runtime error"}}
[debug] [2025-07-28T04:19:00.481Z] File C:\Users\Administrator\OneDrive - (주)에스앤씨랩\바탕 화면\Owl-Running-Achive\functions\src\index.ts changed, reloading triggers {"metadata":{"emulator":{"name":"functions"},"message":"File C:\\Users\\Administrator\\OneDrive - (주)에스앤씨랩\\바탕 화면\\Owl-Running-Achive\\functions\\src\\index.ts changed, reloading triggers"}}
[debug] [2025-07-28T04:19:00.531Z] File C:\Users\Administrator\OneDrive - (주)에스앤씨랩\바탕 화면\Owl-Running-Achive\functions\src\index.ts changed, reloading triggers {"metadata":{"emulator":{"name":"functions"},"message":"File C:\\Users\\Administrator\\OneDrive - (주)에스앤씨랩\\바탕 화면\\Owl-Running-Achive\\functions\\src\\index.ts changed, reloading triggers"}}
[debug] [2025-07-28T04:19:01.621Z] Validating nodejs source
[debug] [2025-07-28T04:19:05.736Z] > [functions] package.json contents: {
  "name": "functions",
  "type": "module",
  "scripts": {
    "lint": "eslint . --fix",
    "build": "tsc",
    "build:watch": "tsc --watch",
    "serve": "npm run build && firebase emulators:start --only functions",
    "shell": "npm run build && firebase functions:shell",
    "start": "npm run shell",
    "deploy": "firebase deploy --only functions",
    "logs": "firebase functions:log"
  },
  "engines": {
    "node": "22"
  },
  "main": "lib/index.js",
  "dependencies": {
    "axios": "^1.10.0",
    "firebase-admin": "^12.6.0",
    "firebase-functions": "^6.0.1"
  },
  "devDependencies": {
    "@typescript-eslint/eslint-plugin": "^8.38.0",
    "@typescript-eslint/parser": "^8.38.0",
    "eslint": "^9.31.0",
    "eslint-config-google": "^0.14.0",
    "eslint-plugin-import": "^2.25.4",
    "firebase-functions-test": "^3.1.0",
    "typescript": "^5.7.3"
  },
  "private": true
}
[debug] [2025-07-28T04:19:05.741Z] Building nodejs source
[debug] [2025-07-28T04:19:05.743Z] Failed to find version of module node: reached end of search path C:\Users\Administrator\OneDrive - (주)에스앤씨랩\바탕 화면\Owl-Running-Achive\functions\node_modules
[info] +  functions: Using node@22 from host. 
[debug] [2025-07-28T04:19:05.779Z] Could not find functions.yaml. Must use http discovery
[debug] [2025-07-28T04:19:05.808Z] Found firebase-functions binary at 'C:\Users\Administrator\OneDrive - (주)에스앤씨랩\바탕 화면\Owl-Running-Achive\functions\node_modules\.bin\firebase-functions'
[debug] [2025-07-28T04:19:05.930Z] File C:\Users\Administrator\OneDrive - (주)에스앤씨랩\바탕 화면\Owl-Running-Achive\functions\lib\index.js changed, reloading triggers {"metadata":{"emulator":{"name":"functions"},"message":"File C:\\Users\\Administrator\\OneDrive - (주)에스앤씨랩\\바탕 화면\\Owl-Running-Achive\\functions\\lib\\index.js changed, reloading triggers"}}
[debug] [2025-07-28T04:19:06.937Z] Validating nodejs source
[debug] [2025-07-28T04:19:09.440Z] > [functions] package.json contents: {
  "name": "functions",
  "type": "module",
  "scripts": {
    "lint": "eslint . --fix",
    "build": "tsc",
    "build:watch": "tsc --watch",
    "serve": "npm run build && firebase emulators:start --only functions",
    "shell": "npm run build && firebase functions:shell",
    "start": "npm run shell",
    "deploy": "firebase deploy --only functions",
    "logs": "firebase functions:log"
  },
  "engines": {
    "node": "22"
  },
  "main": "lib/index.js",
  "dependencies": {
    "axios": "^1.10.0",
    "firebase-admin": "^12.6.0",
    "firebase-functions": "^6.0.1"
  },
  "devDependencies": {
    "@typescript-eslint/eslint-plugin": "^8.38.0",
    "@typescript-eslint/parser": "^8.38.0",
    "eslint": "^9.31.0",
    "eslint-config-google": "^0.14.0",
    "eslint-plugin-import": "^2.25.4",
    "firebase-functions-test": "^3.1.0",
    "typescript": "^5.7.3"
  },
  "private": true
}
[debug] [2025-07-28T04:19:09.440Z] Building nodejs source
[debug] [2025-07-28T04:19:09.441Z] Failed to find version of module node: reached end of search path C:\Users\Administrator\OneDrive - (주)에스앤씨랩\바탕 화면\Owl-Running-Achive\functions\node_modules
[info] +  functions: Using node@22 from host. 
[info] Serving at port 8006

[debug] [2025-07-28T04:19:09.549Z] Could not find functions.yaml. Must use http discovery
[debug] [2025-07-28T04:19:09.566Z] Found firebase-functions binary at 'C:\Users\Administrator\OneDrive - (주)에스앤씨랩\바탕 화면\Owl-Running-Achive\functions\node_modules\.bin\firebase-functions'
[info] Serving at port 8326

[error] TypeError: Cannot read properties of undefined (reading 'client_id')
    at file:///C:/Users/Administrator/OneDrive%20-%20(%EC%A3%BC)%EC%97%90%EC%8A%A4%EC%95%A4%EC%94%A8%EB%9E%A9/%EB%B0%94%ED%83%95%20%ED%99%94%EB%A9%B4/Owl-Running-Achive/functions/lib/index.js:8:49
    at ModuleJobSync.runSync (node:internal/modules/esm/module_job:400:35)
    at ModuleLoader.importSyncForRequire (node:internal/modules/esm/loader:427:47)
    at loadESMFromCJS (node:internal/modules/cjs/loader:1561:24)
    at Module._compile (node:internal/modules/cjs/loader:1712:5)
    at Object..js (node:internal/modules/cjs/loader:1895:10)
    at Module.load (node:internal/modules/cjs/loader:1465:32)
    at Function._load (node:internal/modules/cjs/loader:1282:12)
    at TracingChannel.traceSync (node:diagnostics_channel:322:14)
    at wrapModuleLoad (node:internal/modules/cjs/loader:235:24)

[debug] [2025-07-28T04:19:11.746Z] Got response code 400; body Failed to generate manifest from function source: Cannot read properties of undefined (reading 'client_id')
[error] TypeError: Cannot read properties of undefined (reading 'client_id')
    at file:///C:/Users/Administrator/OneDrive%20-%20(%EC%A3%BC)%EC%97%90%EC%8A%A4%EC%95%A4%EC%94%A8%EB%9E%A9/%EB%B0%94%ED%83%95%20%ED%99%94%EB%A9%B4/Owl-Running-Achive/functions/lib/index.js:8:49
    at ModuleJobSync.runSync (node:internal/modules/esm/module_job:400:35)
    at ModuleLoader.importSyncForRequire (node:internal/modules/esm/loader:427:47)
    at loadESMFromCJS (node:internal/modules/cjs/loader:1561:24)
    at Module._compile (node:internal/modules/cjs/loader:1712:5)
    at Object..js (node:internal/modules/cjs/loader:1895:10)
    at Module.load (node:internal/modules/cjs/loader:1465:32)
    at Function._load (node:internal/modules/cjs/loader:1282:12)
    at TracingChannel.traceSync (node:diagnostics_channel:322:14)
    at wrapModuleLoad (node:internal/modules/cjs/loader:235:24)

[debug] [2025-07-28T04:19:12.342Z] Got response code 400; body Failed to generate manifest from function source: Cannot read properties of undefined (reading 'client_id')
[error] !!  functions: Failed to load function definition from source: FirebaseError: Functions codebase could not be analyzed successfully. It may have a syntax or runtime error {"metadata":{"emulator":{"name":"functions"},"message":"Failed to load function definition from source: FirebaseError: Functions codebase could not be analyzed successfully. It may have a syntax or runtime error"}}
[error] !!  functions: Failed to load function definition from source: FirebaseError: Functions codebase could not be analyzed successfully. It may have a syntax or runtime error {"metadata":{"emulator":{"name":"functions"},"message":"Failed to load function definition from source: FirebaseError: Functions codebase could not be analyzed successfully. It may have a syntax or runtime error"}}
[debug] [2025-07-28T04:19:24.102Z] File C:\Users\Administrator\OneDrive - (주)에스앤씨랩\바탕 화면\Owl-Running-Achive\functions\lib\src\index.js changed, reloading triggers {"metadata":{"emulator":{"name":"functions"},"message":"File C:\\Users\\Administrator\\OneDrive - (주)에스앤씨랩\\바탕 화면\\Owl-Running-Achive\\functions\\lib\\src\\index.js changed, reloading triggers"}}
[debug] [2025-07-28T04:19:25.104Z] Validating nodejs source
[debug] [2025-07-28T04:19:30.714Z] > [functions] package.json contents: {
  "name": "functions",
  "type": "module",
  "scripts": {
    "lint": "eslint . --fix",
    "build": "tsc",
    "build:watch": "tsc --watch",
    "serve": "npm run build && firebase emulators:start --only functions",
    "shell": "npm run build && firebase functions:shell",
    "start": "npm run shell",
    "deploy": "firebase deploy --only functions",
    "logs": "firebase functions:log"
  },
  "engines": {
    "node": "22"
  },
  "main": "lib/index.js",
  "dependencies": {
    "axios": "^1.10.0",
    "firebase-admin": "^12.6.0",
    "firebase-functions": "^6.0.1"
  },
  "devDependencies": {
    "@typescript-eslint/eslint-plugin": "^8.38.0",
    "@typescript-eslint/parser": "^8.38.0",
    "eslint": "^9.31.0",
    "eslint-config-google": "^0.14.0",
    "eslint-plugin-import": "^2.25.4",
    "firebase-functions-test": "^3.1.0",
    "typescript": "^5.7.3"
  },
  "private": true
}
[debug] [2025-07-28T04:19:30.714Z] Building nodejs source
[debug] [2025-07-28T04:19:30.715Z] Failed to find version of module node: reached end of search path C:\Users\Administrator\OneDrive - (주)에스앤씨랩\바탕 화면\Owl-Running-Achive\functions\node_modules
[info] +  functions: Using node@22 from host. 
[debug] [2025-07-28T04:19:30.721Z] Could not find functions.yaml. Must use http discovery
[debug] [2025-07-28T04:19:30.732Z] Found firebase-functions binary at 'C:\Users\Administrator\OneDrive - (주)에스앤씨랩\바탕 화면\Owl-Running-Achive\functions\node_modules\.bin\firebase-functions'
[debug] [2025-07-28T04:19:30.740Z] File C:\Users\Administrator\OneDrive - (주)에스앤씨랩\바탕 화면\Owl-Running-Achive\functions\src\index.ts changed, reloading triggers {"metadata":{"emulator":{"name":"functions"},"message":"File C:\\Users\\Administrator\\OneDrive - (주)에스앤씨랩\\바탕 화면\\Owl-Running-Achive\\functions\\src\\index.ts changed, reloading triggers"}}
[debug] [2025-07-28T04:19:30.746Z] File C:\Users\Administrator\OneDrive - (주)에스앤씨랩\바탕 화면\Owl-Running-Achive\functions\lib\index.js changed, reloading triggers {"metadata":{"emulator":{"name":"functions"},"message":"File C:\\Users\\Administrator\\OneDrive - (주)에스앤씨랩\\바탕 화면\\Owl-Running-Achive\\functions\\lib\\index.js changed, reloading triggers"}}
[debug] [2025-07-28T04:19:31.749Z] Validating nodejs source
[debug] [2025-07-28T04:19:33.133Z] > [functions] package.json contents: {
  "name": "functions",
  "type": "module",
  "scripts": {
    "lint": "eslint . --fix",
    "build": "tsc",
    "build:watch": "tsc --watch",
    "serve": "npm run build && firebase emulators:start --only functions",
    "shell": "npm run build && firebase functions:shell",
    "start": "npm run shell",
    "deploy": "firebase deploy --only functions",
    "logs": "firebase functions:log"
  },
  "engines": {
    "node": "22"
  },
  "main": "lib/index.js",
  "dependencies": {
    "axios": "^1.10.0",
    "firebase-admin": "^12.6.0",
    "firebase-functions": "^6.0.1"
  },
  "devDependencies": {
    "@typescript-eslint/eslint-plugin": "^8.38.0",
    "@typescript-eslint/parser": "^8.38.0",
    "eslint": "^9.31.0",
    "eslint-config-google": "^0.14.0",
    "eslint-plugin-import": "^2.25.4",
    "firebase-functions-test": "^3.1.0",
    "typescript": "^5.7.3"
  },
  "private": true
}
[debug] [2025-07-28T04:19:33.134Z] Building nodejs source
[debug] [2025-07-28T04:19:33.134Z] Failed to find version of module node: reached end of search path C:\Users\Administrator\OneDrive - (주)에스앤씨랩\바탕 화면\Owl-Running-Achive\functions\node_modules
[info] +  functions: Using node@22 from host. 
[debug] [2025-07-28T04:19:33.136Z] Could not find functions.yaml. Must use http discovery
[debug] [2025-07-28T04:19:33.142Z] Found firebase-functions binary at 'C:\Users\Administrator\OneDrive - (주)에스앤씨랩\바탕 화면\Owl-Running-Achive\functions\node_modules\.bin\firebase-functions'
[info] Serving at port 8706

[info] Serving at port 8255

[error] TypeError: Cannot read properties of undefined (reading 'client_id')
    at file:///C:/Users/Administrator/OneDrive%20-%20(%EC%A3%BC)%EC%97%90%EC%8A%A4%EC%95%A4%EC%94%A8%EB%9E%A9/%EB%B0%94%ED%83%95%20%ED%99%94%EB%A9%B4/Owl-Running-Achive/functions/lib/index.js:8:49
    at ModuleJobSync.runSync (node:internal/modules/esm/module_job:400:35)
    at ModuleLoader.importSyncForRequire (node:internal/modules/esm/loader:427:47)
    at loadESMFromCJS (node:internal/modules/cjs/loader:1561:24)
    at Module._compile (node:internal/modules/cjs/loader:1712:5)
    at Object..js (node:internal/modules/cjs/loader:1895:10)
    at Module.load (node:internal/modules/cjs/loader:1465:32)
    at Function._load (node:internal/modules/cjs/loader:1282:12)
    at TracingChannel.traceSync (node:diagnostics_channel:322:14)
    at wrapModuleLoad (node:internal/modules/cjs/loader:235:24)

[error] TypeError: Cannot read properties of undefined (reading 'client_id')
    at file:///C:/Users/Administrator/OneDrive%20-%20(%EC%A3%BC)%EC%97%90%EC%8A%A4%EC%95%A4%EC%94%A8%EB%9E%A9/%EB%B0%94%ED%83%95%20%ED%99%94%EB%A9%B4/Owl-Running-Achive/functions/lib/index.js:8:49
    at ModuleJobSync.runSync (node:internal/modules/esm/module_job:400:35)
    at ModuleLoader.importSyncForRequire (node:internal/modules/esm/loader:427:47)
    at loadESMFromCJS (node:internal/modules/cjs/loader:1561:24)
    at Module._compile (node:internal/modules/cjs/loader:1712:5)
    at Object..js (node:internal/modules/cjs/loader:1895:10)
    at Module.load (node:internal/modules/cjs/loader:1465:32)
    at Function._load (node:internal/modules/cjs/loader:1282:12)
    at TracingChannel.traceSync (node:diagnostics_channel:322:14)
    at wrapModuleLoad (node:internal/modules/cjs/loader:235:24)

[debug] [2025-07-28T04:19:35.663Z] Got response code 400; body Failed to generate manifest from function source: Cannot read properties of undefined (reading 'client_id')
[debug] [2025-07-28T04:19:35.666Z] Got response code 400; body Failed to generate manifest from function source: Cannot read properties of undefined (reading 'client_id')
[error] !!  functions: Failed to load function definition from source: FirebaseError: Functions codebase could not be analyzed successfully. It may have a syntax or runtime error {"metadata":{"emulator":{"name":"functions"},"message":"Failed to load function definition from source: FirebaseError: Functions codebase could not be analyzed successfully. It may have a syntax or runtime error"}}
[error] !!  functions: Failed to load function definition from source: FirebaseError: Functions codebase could not be analyzed successfully. It may have a syntax or runtime error {"metadata":{"emulator":{"name":"functions"},"message":"Failed to load function definition from source: FirebaseError: Functions codebase could not be analyzed successfully. It may have a syntax or runtime error"}}
[debug] [2025-07-28T04:20:06.151Z] File C:\Users\Administrator\OneDrive - (주)에스앤씨랩\바탕 화면\Owl-Running-Achive\functions\tsconfig.json changed, reloading triggers {"metadata":{"emulator":{"name":"functions"},"message":"File C:\\Users\\Administrator\\OneDrive - (주)에스앤씨랩\\바탕 화면\\Owl-Running-Achive\\functions\\tsconfig.json changed, reloading triggers"}}
[debug] [2025-07-28T04:20:06.156Z] File C:\Users\Administrator\OneDrive - (주)에스앤씨랩\바탕 화면\Owl-Running-Achive\functions\src\index.ts changed, reloading triggers {"metadata":{"emulator":{"name":"functions"},"message":"File C:\\Users\\Administrator\\OneDrive - (주)에스앤씨랩\\바탕 화면\\Owl-Running-Achive\\functions\\src\\index.ts changed, reloading triggers"}}
[debug] [2025-07-28T04:20:07.179Z] Validating nodejs source
[debug] [2025-07-28T04:20:13.761Z] > [functions] package.json contents: {
  "name": "functions",
  "type": "module",
  "scripts": {
    "lint": "eslint . --fix",
    "build": "tsc",
    "build:watch": "tsc --watch",
    "serve": "npm run build && firebase emulators:start --only functions",
    "shell": "npm run build && firebase functions:shell",
    "start": "npm run shell",
    "deploy": "firebase deploy --only functions",
    "logs": "firebase functions:log"
  },
  "engines": {
    "node": "22"
  },
  "main": "lib/index.js",
  "dependencies": {
    "axios": "^1.10.0",
    "firebase-admin": "^12.6.0",
    "firebase-functions": "^6.0.1"
  },
  "devDependencies": {
    "@typescript-eslint/eslint-plugin": "^8.38.0",
    "@typescript-eslint/parser": "^8.38.0",
    "eslint": "^9.31.0",
    "eslint-config-google": "^0.14.0",
    "eslint-plugin-import": "^2.25.4",
    "firebase-functions-test": "^3.1.0",
    "typescript": "^5.7.3"
  },
  "private": true
}
[debug] [2025-07-28T04:20:13.761Z] Building nodejs source
[debug] [2025-07-28T04:20:13.762Z] Failed to find version of module node: reached end of search path C:\Users\Administrator\OneDrive - (주)에스앤씨랩\바탕 화면\Owl-Running-Achive\functions\node_modules
[info] +  functions: Using node@22 from host. 
[debug] [2025-07-28T04:20:13.765Z] Could not find functions.yaml. Must use http discovery
[debug] [2025-07-28T04:20:13.778Z] Found firebase-functions binary at 'C:\Users\Administrator\OneDrive - (주)에스앤씨랩\바탕 화면\Owl-Running-Achive\functions\node_modules\.bin\firebase-functions'
[info] Serving at port 8028

[error] TypeError: Cannot read properties of undefined (reading 'client_id')
    at file:///C:/Users/Administrator/OneDrive%20-%20(%EC%A3%BC)%EC%97%90%EC%8A%A4%EC%95%A4%EC%94%A8%EB%9E%A9/%EB%B0%94%ED%83%95%20%ED%99%94%EB%A9%B4/Owl-Running-Achive/functions/lib/index.js:8:49
    at ModuleJobSync.runSync (node:internal/modules/esm/module_job:400:35)
    at ModuleLoader.importSyncForRequire (node:internal/modules/esm/loader:427:47)
    at loadESMFromCJS (node:internal/modules/cjs/loader:1561:24)
    at Module._compile (node:internal/modules/cjs/loader:1712:5)
    at Object..js (node:internal/modules/cjs/loader:1895:10)
    at Module.load (node:internal/modules/cjs/loader:1465:32)
    at Function._load (node:internal/modules/cjs/loader:1282:12)
    at TracingChannel.traceSync (node:diagnostics_channel:322:14)
    at wrapModuleLoad (node:internal/modules/cjs/loader:235:24)

[debug] [2025-07-28T04:20:20.611Z] Got response code 400; body Failed to generate manifest from function source: Cannot read properties of undefined (reading 'client_id')
[error] !!  functions: Failed to load function definition from source: FirebaseError: Functions codebase could not be analyzed successfully. It may have a syntax or runtime error {"metadata":{"emulator":{"name":"functions"},"message":"Failed to load function definition from source: FirebaseError: Functions codebase could not be analyzed successfully. It may have a syntax or runtime error"}}
[debug] [2025-07-28T04:20:55.957Z] File C:\Users\Administrator\OneDrive - (주)에스앤씨랩\바탕 화면\Owl-Running-Achive\functions\src\index.ts changed, reloading triggers {"metadata":{"emulator":{"name":"functions"},"message":"File C:\\Users\\Administrator\\OneDrive - (주)에스앤씨랩\\바탕 화면\\Owl-Running-Achive\\functions\\src\\index.ts changed, reloading triggers"}}
[debug] [2025-07-28T04:20:57.026Z] Validating nodejs source
[debug] [2025-07-28T04:21:01.464Z] > [functions] package.json contents: {
  "name": "functions",
  "type": "module",
  "scripts": {
    "lint": "eslint . --fix",
    "build": "tsc",
    "build:watch": "tsc --watch",
    "serve": "npm run build && firebase emulators:start --only functions",
    "shell": "npm run build && firebase functions:shell",
    "start": "npm run shell",
    "deploy": "firebase deploy --only functions",
    "logs": "firebase functions:log"
  },
  "engines": {
    "node": "22"
  },
  "main": "lib/index.js",
  "dependencies": {
    "axios": "^1.10.0",
    "firebase-admin": "^12.6.0",
    "firebase-functions": "^6.0.1"
  },
  "devDependencies": {
    "@typescript-eslint/eslint-plugin": "^8.38.0",
    "@typescript-eslint/parser": "^8.38.0",
    "eslint": "^9.31.0",
    "eslint-config-google": "^0.14.0",
    "eslint-plugin-import": "^2.25.4",
    "firebase-functions-test": "^3.1.0",
    "typescript": "^5.7.3"
  },
  "private": true
}
[debug] [2025-07-28T04:21:01.465Z] Building nodejs source
[debug] [2025-07-28T04:21:01.465Z] Failed to find version of module node: reached end of search path C:\Users\Administrator\OneDrive - (주)에스앤씨랩\바탕 화면\Owl-Running-Achive\functions\node_modules
[info] +  functions: Using node@22 from host. 
[debug] [2025-07-28T04:21:01.475Z] Could not find functions.yaml. Must use http discovery
[debug] [2025-07-28T04:21:01.488Z] Found firebase-functions binary at 'C:\Users\Administrator\OneDrive - (주)에스앤씨랩\바탕 화면\Owl-Running-Achive\functions\node_modules\.bin\firebase-functions'
[info] Serving at port 8707

[error] TypeError: Cannot read properties of undefined (reading 'client_id')
    at file:///C:/Users/Administrator/OneDrive%20-%20(%EC%A3%BC)%EC%97%90%EC%8A%A4%EC%95%A4%EC%94%A8%EB%9E%A9/%EB%B0%94%ED%83%95%20%ED%99%94%EB%A9%B4/Owl-Running-Achive/functions/lib/index.js:8:49
    at ModuleJobSync.runSync (node:internal/modules/esm/module_job:400:35)
    at ModuleLoader.importSyncForRequire (node:internal/modules/esm/loader:427:47)
    at loadESMFromCJS (node:internal/modules/cjs/loader:1561:24)
    at Module._compile (node:internal/modules/cjs/loader:1712:5)
    at Object..js (node:internal/modules/cjs/loader:1895:10)
    at Module.load (node:internal/modules/cjs/loader:1465:32)
    at Function._load (node:internal/modules/cjs/loader:1282:12)
    at TracingChannel.traceSync (node:diagnostics_channel:322:14)
    at wrapModuleLoad (node:internal/modules/cjs/loader:235:24)

[debug] [2025-07-28T04:21:04.056Z] Got response code 400; body Failed to generate manifest from function source: Cannot read properties of undefined (reading 'client_id')
[error] !!  functions: Failed to load function definition from source: FirebaseError: Functions codebase could not be analyzed successfully. It may have a syntax or runtime error {"metadata":{"emulator":{"name":"functions"},"message":"Failed to load function definition from source: FirebaseError: Functions codebase could not be analyzed successfully. It may have a syntax or runtime error"}}
[debug] [2025-07-28T04:21:58.765Z] File C:\Users\Administrator\OneDrive - (주)에스앤씨랩\바탕 화면\Owl-Running-Achive\functions\lib\index.js changed, reloading triggers {"metadata":{"emulator":{"name":"functions"},"message":"File C:\\Users\\Administrator\\OneDrive - (주)에스앤씨랩\\바탕 화면\\Owl-Running-Achive\\functions\\lib\\index.js changed, reloading triggers"}}
[debug] [2025-07-28T04:21:58.775Z] File C:\Users\Administrator\OneDrive - (주)에스앤씨랩\바탕 화면\Owl-Running-Achive\functions\lib\src\index.js changed, reloading triggers {"metadata":{"emulator":{"name":"functions"},"message":"File C:\\Users\\Administrator\\OneDrive - (주)에스앤씨랩\\바탕 화면\\Owl-Running-Achive\\functions\\lib\\src\\index.js changed, reloading triggers"}}
[debug] [2025-07-28T04:21:59.785Z] Validating nodejs source
[debug] [2025-07-28T04:22:01.388Z] > [functions] package.json contents: {
  "name": "functions",
  "type": "module",
  "scripts": {
    "lint": "eslint . --fix",
    "build": "tsc",
    "build:watch": "tsc --watch",
    "serve": "npm run build && firebase emulators:start --only functions",
    "shell": "npm run build && firebase functions:shell",
    "start": "npm run shell",
    "deploy": "firebase deploy --only functions",
    "logs": "firebase functions:log"
  },
  "engines": {
    "node": "22"
  },
  "main": "lib/index.js",
  "dependencies": {
    "axios": "^1.10.0",
    "firebase-admin": "^12.6.0",
    "firebase-functions": "^6.0.1"
  },
  "devDependencies": {
    "@typescript-eslint/eslint-plugin": "^8.38.0",
    "@typescript-eslint/parser": "^8.38.0",
    "eslint": "^9.31.0",
    "eslint-config-google": "^0.14.0",
    "eslint-plugin-import": "^2.25.4",
    "firebase-functions-test": "^3.1.0",
    "typescript": "^5.7.3"
  },
  "private": true
}
[debug] [2025-07-28T04:22:01.389Z] Building nodejs source
[debug] [2025-07-28T04:22:01.389Z] Failed to find version of module node: reached end of search path C:\Users\Administrator\OneDrive - (주)에스앤씨랩\바탕 화면\Owl-Running-Achive\functions\node_modules
[info] +  functions: Using node@22 from host. 
[debug] [2025-07-28T04:22:01.390Z] Could not find functions.yaml. Must use http discovery
[debug] [2025-07-28T04:22:01.398Z] Found firebase-functions binary at 'C:\Users\Administrator\OneDrive - (주)에스앤씨랩\바탕 화면\Owl-Running-Achive\functions\node_modules\.bin\firebase-functions'
[info] Serving at port 8449

[error] TypeError: Cannot read properties of undefined (reading 'client_id')
    at file:///C:/Users/Administrator/OneDrive%20-%20(%EC%A3%BC)%EC%97%90%EC%8A%A4%EC%95%A4%EC%94%A8%EB%9E%A9/%EB%B0%94%ED%83%95%20%ED%99%94%EB%A9%B4/Owl-Running-Achive/functions/lib/index.js:8:49
    at ModuleJobSync.runSync (node:internal/modules/esm/module_job:400:35)
    at ModuleLoader.importSyncForRequire (node:internal/modules/esm/loader:427:47)
    at loadESMFromCJS (node:internal/modules/cjs/loader:1561:24)
    at Module._compile (node:internal/modules/cjs/loader:1712:5)
    at Object..js (node:internal/modules/cjs/loader:1895:10)
    at Module.load (node:internal/modules/cjs/loader:1465:32)
    at Function._load (node:internal/modules/cjs/loader:1282:12)
    at TracingChannel.traceSync (node:diagnostics_channel:322:14)
    at wrapModuleLoad (node:internal/modules/cjs/loader:235:24)

[debug] [2025-07-28T04:22:05.784Z] Got response code 400; body Failed to generate manifest from function source: Cannot read properties of undefined (reading 'client_id')
[error] !!  functions: Failed to load function definition from source: FirebaseError: Functions codebase could not be analyzed successfully. It may have a syntax or runtime error {"metadata":{"emulator":{"name":"functions"},"message":"Failed to load function definition from source: FirebaseError: Functions codebase could not be analyzed successfully. It may have a syntax or runtime error"}}
[debug] [2025-07-28T04:25:14.261Z] File C:\Users\Administrator\OneDrive - (주)에스앤씨랩\바탕 화면\Owl-Running-Achive\functions\tsconfig.json changed, reloading triggers {"metadata":{"emulator":{"name":"functions"},"message":"File C:\\Users\\Administrator\\OneDrive - (주)에스앤씨랩\\바탕 화면\\Owl-Running-Achive\\functions\\tsconfig.json changed, reloading triggers"}}
[debug] [2025-07-28T04:25:14.325Z] File C:\Users\Administrator\OneDrive - (주)에스앤씨랩\바탕 화면\Owl-Running-Achive\functions\src\index.ts changed, reloading triggers {"metadata":{"emulator":{"name":"functions"},"message":"File C:\\Users\\Administrator\\OneDrive - (주)에스앤씨랩\\바탕 화면\\Owl-Running-Achive\\functions\\src\\index.ts changed, reloading triggers"}}
[debug] [2025-07-28T04:25:15.379Z] Validating nodejs source
[debug] [2025-07-28T04:25:21.305Z] > [functions] package.json contents: {
  "name": "functions",
  "type": "module",
  "scripts": {
    "lint": "eslint . --fix",
    "build": "tsc",
    "build:watch": "tsc --watch",
    "serve": "npm run build && firebase emulators:start --only functions",
    "shell": "npm run build && firebase functions:shell",
    "start": "npm run shell",
    "deploy": "firebase deploy --only functions",
    "logs": "firebase functions:log"
  },
  "engines": {
    "node": "22"
  },
  "main": "lib/index.js",
  "dependencies": {
    "axios": "^1.10.0",
    "firebase-admin": "^12.6.0",
    "firebase-functions": "^6.0.1"
  },
  "devDependencies": {
    "@typescript-eslint/eslint-plugin": "^8.38.0",
    "@typescript-eslint/parser": "^8.38.0",
    "eslint": "^9.31.0",
    "eslint-config-google": "^0.14.0",
    "eslint-plugin-import": "^2.25.4",
    "firebase-functions-test": "^3.1.0",
    "typescript": "^5.7.3"
  },
  "private": true
}
[debug] [2025-07-28T04:25:21.307Z] Building nodejs source
[debug] [2025-07-28T04:25:21.308Z] Failed to find version of module node: reached end of search path C:\Users\Administrator\OneDrive - (주)에스앤씨랩\바탕 화면\Owl-Running-Achive\functions\node_modules
[info] +  functions: Using node@22 from host. 
[debug] [2025-07-28T04:25:21.390Z] Could not find functions.yaml. Must use http discovery
[debug] [2025-07-28T04:25:21.435Z] Found firebase-functions binary at 'C:\Users\Administrator\OneDrive - (주)에스앤씨랩\바탕 화면\Owl-Running-Achive\functions\node_modules\.bin\firebase-functions'
[info] Serving at port 8419

[error] TypeError: Cannot read properties of undefined (reading 'client_id')
    at file:///C:/Users/Administrator/OneDrive%20-%20(%EC%A3%BC)%EC%97%90%EC%8A%A4%EC%95%A4%EC%94%A8%EB%9E%A9/%EB%B0%94%ED%83%95%20%ED%99%94%EB%A9%B4/Owl-Running-Achive/functions/lib/index.js:8:49
    at ModuleJobSync.runSync (node:internal/modules/esm/module_job:400:35)
    at ModuleLoader.importSyncForRequire (node:internal/modules/esm/loader:427:47)
    at loadESMFromCJS (node:internal/modules/cjs/loader:1561:24)
    at Module._compile (node:internal/modules/cjs/loader:1712:5)
    at Object..js (node:internal/modules/cjs/loader:1895:10)
    at Module.load (node:internal/modules/cjs/loader:1465:32)
    at Function._load (node:internal/modules/cjs/loader:1282:12)
    at TracingChannel.traceSync (node:diagnostics_channel:322:14)
    at wrapModuleLoad (node:internal/modules/cjs/loader:235:24)

[debug] [2025-07-28T04:25:25.858Z] Got response code 400; body Failed to generate manifest from function source: Cannot read properties of undefined (reading 'client_id')
[error] !!  functions: Failed to load function definition from source: FirebaseError: Functions codebase could not be analyzed successfully. It may have a syntax or runtime error {"metadata":{"emulator":{"name":"functions"},"message":"Failed to load function definition from source: FirebaseError: Functions codebase could not be analyzed successfully. It may have a syntax or runtime error"}}
[debug] [2025-07-28T04:33:55.764Z] File C:\Users\Administrator\OneDrive - (주)에스앤씨랩\바탕 화면\Owl-Running-Achive\functions\src\index.ts changed, reloading triggers {"metadata":{"emulator":{"name":"functions"},"message":"File C:\\Users\\Administrator\\OneDrive - (주)에스앤씨랩\\바탕 화면\\Owl-Running-Achive\\functions\\src\\index.ts changed, reloading triggers"}}
[debug] [2025-07-28T04:33:56.837Z] Validating nodejs source
[debug] [2025-07-28T04:34:00.833Z] > [functions] package.json contents: {
  "name": "functions",
  "type": "module",
  "scripts": {
    "lint": "eslint . --fix",
    "build": "tsc",
    "build:watch": "tsc --watch",
    "serve": "npm run build && firebase emulators:start --only functions",
    "shell": "npm run build && firebase functions:shell",
    "start": "npm run shell",
    "deploy": "firebase deploy --only functions",
    "logs": "firebase functions:log"
  },
  "engines": {
    "node": "22"
  },
  "main": "lib/index.js",
  "dependencies": {
    "axios": "^1.10.0",
    "firebase-admin": "^12.6.0",
    "firebase-functions": "^6.0.1"
  },
  "devDependencies": {
    "@typescript-eslint/eslint-plugin": "^8.38.0",
    "@typescript-eslint/parser": "^8.38.0",
    "eslint": "^9.31.0",
    "eslint-config-google": "^0.14.0",
    "eslint-plugin-import": "^2.25.4",
    "firebase-functions-test": "^3.1.0",
    "typescript": "^5.7.3"
  },
  "private": true
}
[debug] [2025-07-28T04:34:00.833Z] Building nodejs source
[debug] [2025-07-28T04:34:00.835Z] Failed to find version of module node: reached end of search path C:\Users\Administrator\OneDrive - (주)에스앤씨랩\바탕 화면\Owl-Running-Achive\functions\node_modules
[info] +  functions: Using node@22 from host. 
[debug] [2025-07-28T04:34:00.848Z] Could not find functions.yaml. Must use http discovery
[debug] [2025-07-28T04:34:00.870Z] Found firebase-functions binary at 'C:\Users\Administrator\OneDrive - (주)에스앤씨랩\바탕 화면\Owl-Running-Achive\functions\node_modules\.bin\firebase-functions'
[info] Serving at port 8094

[error] TypeError: Cannot read properties of undefined (reading 'client_id')
    at file:///C:/Users/Administrator/OneDrive%20-%20(%EC%A3%BC)%EC%97%90%EC%8A%A4%EC%95%A4%EC%94%A8%EB%9E%A9/%EB%B0%94%ED%83%95%20%ED%99%94%EB%A9%B4/Owl-Running-Achive/functions/lib/index.js:8:49
    at ModuleJobSync.runSync (node:internal/modules/esm/module_job:400:35)
    at ModuleLoader.importSyncForRequire (node:internal/modules/esm/loader:427:47)
    at loadESMFromCJS (node:internal/modules/cjs/loader:1561:24)
    at Module._compile (node:internal/modules/cjs/loader:1712:5)
    at Object..js (node:internal/modules/cjs/loader:1895:10)
    at Module.load (node:internal/modules/cjs/loader:1465:32)
    at Function._load (node:internal/modules/cjs/loader:1282:12)
    at TracingChannel.traceSync (node:diagnostics_channel:322:14)
    at wrapModuleLoad (node:internal/modules/cjs/loader:235:24)

[debug] [2025-07-28T04:34:04.021Z] Got response code 400; body Failed to generate manifest from function source: Cannot read properties of undefined (reading 'client_id')
[debug] [2025-07-28T04:34:05.890Z] File C:\Users\Administrator\OneDrive - (주)에스앤씨랩\바탕 화면\Owl-Running-Achive\functions\lib\index.js changed, reloading triggers {"metadata":{"emulator":{"name":"functions"},"message":"File C:\\Users\\Administrator\\OneDrive - (주)에스앤씨랩\\바탕 화면\\Owl-Running-Achive\\functions\\lib\\index.js changed, reloading triggers"}}
[debug] [2025-07-28T04:34:06.901Z] Validating nodejs source
[debug] [2025-07-28T04:34:09.241Z] > [functions] package.json contents: {
  "name": "functions",
  "type": "module",
  "scripts": {
    "lint": "eslint . --fix",
    "build": "tsc",
    "build:watch": "tsc --watch",
    "serve": "npm run build && firebase emulators:start --only functions",
    "shell": "npm run build && firebase functions:shell",
    "start": "npm run shell",
    "deploy": "firebase deploy --only functions",
    "logs": "firebase functions:log"
  },
  "engines": {
    "node": "22"
  },
  "main": "lib/index.js",
  "dependencies": {
    "axios": "^1.10.0",
    "firebase-admin": "^12.6.0",
    "firebase-functions": "^6.0.1"
  },
  "devDependencies": {
    "@typescript-eslint/eslint-plugin": "^8.38.0",
    "@typescript-eslint/parser": "^8.38.0",
    "eslint": "^9.31.0",
    "eslint-config-google": "^0.14.0",
    "eslint-plugin-import": "^2.25.4",
    "firebase-functions-test": "^3.1.0",
    "typescript": "^5.7.3"
  },
  "private": true
}
[debug] [2025-07-28T04:34:09.242Z] Building nodejs source
[debug] [2025-07-28T04:34:09.242Z] Failed to find version of module node: reached end of search path C:\Users\Administrator\OneDrive - (주)에스앤씨랩\바탕 화면\Owl-Running-Achive\functions\node_modules
[info] +  functions: Using node@22 from host. 
[debug] [2025-07-28T04:34:09.243Z] Could not find functions.yaml. Must use http discovery
[debug] [2025-07-28T04:34:09.251Z] Found firebase-functions binary at 'C:\Users\Administrator\OneDrive - (주)에스앤씨랩\바탕 화면\Owl-Running-Achive\functions\node_modules\.bin\firebase-functions'
[error] !!  functions: Failed to load function definition from source: FirebaseError: Functions codebase could not be analyzed successfully. It may have a syntax or runtime error {"metadata":{"emulator":{"name":"functions"},"message":"Failed to load function definition from source: FirebaseError: Functions codebase could not be analyzed successfully. It may have a syntax or runtime error"}}
[info] Serving at port 8661

[error] FirebaseAppError: Failed to parse service account json file: Error: ENOENT: no such file or directory, open 'C:\Users\Administrator\OneDrive - (주)에스앤씨랩\바탕 화면\Owl-Running-Achive\owl-running-achieve-firebase-adminsdk-fbsvc-a52ce88a5f.json'
    at ServiceAccount.fromPath (C:\Users\Administrator\OneDrive - (주)에스앤씨랩\바탕 화면\Owl-Running-Achive\functions\node_modules\firebase-admin\lib\app\credential-internal.js:124:19)
    at new ServiceAccountCredential (C:\Users\Administrator\OneDrive - (주)에스앤씨랩\바탕 화면\Owl-Running-Achive\functions\node_modules\firebase-admin\lib\app\credential-internal.js:69:28)
    at Object.cert (C:\Users\Administrator\OneDrive - (주)에스앤씨랩\바탕 화면\Owl-Running-Achive\functions\node_modules\firebase-admin\lib\app\credential-factory.js:103:54)
    at file:///C:/Users/Administrator/OneDrive%20-%20(%EC%A3%BC)%EC%97%90%EC%8A%A4%EC%95%A4%EC%94%A8%EB%9E%A9/%EB%B0%94%ED%83%95%20%ED%99%94%EB%A9%B4/Owl-Running-Achive/functions/lib/index.js:5:34
    at ModuleJobSync.runSync (node:internal/modules/esm/module_job:400:35)
    at ModuleLoader.importSyncForRequire (node:internal/modules/esm/loader:427:47)
    at loadESMFromCJS (node:internal/modules/cjs/loader:1561:24)
    at Module._compile (node:internal/modules/cjs/loader:1712:5)
    at Object..js (node:internal/modules/cjs/loader:1895:10)
    at Module.load (node:internal/modules/cjs/loader:1465:32) {
  errorInfo: {
    code: 'app/invalid-credential',
    message: "Failed to parse service account json file: Error: ENOENT: no such file or directory, open 'C:\\Users\\Administrator\\OneDrive - (주)에스앤씨랩\\바탕 화면\\Owl-Running-Achive\\owl-running-achieve-firebase-adminsdk-fbsvc-a52ce88a5f.json'"
  },
  codePrefix: 'app'
}

[debug] [2025-07-28T04:34:11.307Z] Got response code 400; body Failed to generate manifest from function source: Failed to parse service account json file: Error: ENOENT: no such file or directory, open 'C:\Users\Administrator\OneDrive - (주)에스앤씨랩\바탕 화면\Owl-Running-Achive\owl-running-achieve-firebase-adminsdk-fbsvc-a52ce88a5f.json'
[error] !!  functions: Failed to load function definition from source: FirebaseError: Functions codebase could not be analyzed successfully. It may have a syntax or runtime error {"metadata":{"emulator":{"name":"functions"},"message":"Failed to load function definition from source: FirebaseError: Functions codebase could not be analyzed successfully. It may have a syntax or runtime error"}}
[debug] [2025-07-28T04:34:21.516Z] File C:\Users\Administrator\OneDrive - (주)에스앤씨랩\바탕 화면\Owl-Running-Achive\functions\lib\src\index.js changed, reloading triggers {"metadata":{"emulator":{"name":"functions"},"message":"File C:\\Users\\Administrator\\OneDrive - (주)에스앤씨랩\\바탕 화면\\Owl-Running-Achive\\functions\\lib\\src\\index.js changed, reloading triggers"}}
[debug] [2025-07-28T04:34:22.519Z] Validating nodejs source
[debug] [2025-07-28T04:34:25.727Z] > [functions] package.json contents: {
  "name": "functions",
  "type": "module",
  "scripts": {
    "lint": "eslint . --fix",
    "build": "tsc",
    "build:watch": "tsc --watch",
    "serve": "npm run build && firebase emulators:start --only functions",
    "shell": "npm run build && firebase functions:shell",
    "start": "npm run shell",
    "deploy": "firebase deploy --only functions",
    "logs": "firebase functions:log"
  },
  "engines": {
    "node": "22"
  },
  "main": "lib/index.js",
  "dependencies": {
    "axios": "^1.10.0",
    "firebase-admin": "^12.6.0",
    "firebase-functions": "^6.0.1"
  },
  "devDependencies": {
    "@typescript-eslint/eslint-plugin": "^8.38.0",
    "@typescript-eslint/parser": "^8.38.0",
    "eslint": "^9.31.0",
    "eslint-config-google": "^0.14.0",
    "eslint-plugin-import": "^2.25.4",
    "firebase-functions-test": "^3.1.0",
    "typescript": "^5.7.3"
  },
  "private": true
}
[debug] [2025-07-28T04:34:25.728Z] Building nodejs source
[debug] [2025-07-28T04:34:25.729Z] Failed to find version of module node: reached end of search path C:\Users\Administrator\OneDrive - (주)에스앤씨랩\바탕 화면\Owl-Running-Achive\functions\node_modules
[info] +  functions: Using node@22 from host. 
[debug] [2025-07-28T04:34:25.734Z] Could not find functions.yaml. Must use http discovery
[debug] [2025-07-28T04:34:25.742Z] Found firebase-functions binary at 'C:\Users\Administrator\OneDrive - (주)에스앤씨랩\바탕 화면\Owl-Running-Achive\functions\node_modules\.bin\firebase-functions'
[info] Serving at port 8980

[error] FirebaseAppError: Failed to parse service account json file: Error: ENOENT: no such file or directory, open 'C:\Users\Administrator\OneDrive - (주)에스앤씨랩\바탕 화면\Owl-Running-Achive\owl-running-achieve-firebase-adminsdk-fbsvc-a52ce88a5f.json'
    at ServiceAccount.fromPath (C:\Users\Administrator\OneDrive - (주)에스앤씨랩\바탕 화면\Owl-Running-Achive\functions\node_modules\firebase-admin\lib\app\credential-internal.js:124:19)
    at new ServiceAccountCredential (C:\Users\Administrator\OneDrive - (주)에스앤씨랩\바탕 화면\Owl-Running-Achive\functions\node_modules\firebase-admin\lib\app\credential-internal.js:69:28)
    at Object.cert (C:\Users\Administrator\OneDrive - (주)에스앤씨랩\바탕 화면\Owl-Running-Achive\functions\node_modules\firebase-admin\lib\app\credential-factory.js:103:54)
    at file:///C:/Users/Administrator/OneDrive%20-%20(%EC%A3%BC)%EC%97%90%EC%8A%A4%EC%95%A4%EC%94%A8%EB%9E%A9/%EB%B0%94%ED%83%95%20%ED%99%94%EB%A9%B4/Owl-Running-Achive/functions/lib/index.js:5:34
    at ModuleJobSync.runSync (node:internal/modules/esm/module_job:400:35)
    at ModuleLoader.importSyncForRequire (node:internal/modules/esm/loader:427:47)
    at loadESMFromCJS (node:internal/modules/cjs/loader:1561:24)
    at Module._compile (node:internal/modules/cjs/loader:1712:5)
    at Object..js (node:internal/modules/cjs/loader:1895:10)
    at Module.load (node:internal/modules/cjs/loader:1465:32) {
  errorInfo: {
    code: 'app/invalid-credential',
    message: "Failed to parse service account json file: Error: ENOENT: no such file or directory, open 'C:\\Users\\Administrator\\OneDrive - (주)에스앤씨랩\\바탕 화면\\Owl-Running-Achive\\owl-running-achieve-firebase-adminsdk-fbsvc-a52ce88a5f.json'"
  },
  codePrefix: 'app'
}

[debug] [2025-07-28T04:34:27.519Z] Got response code 400; body Failed to generate manifest from function source: Failed to parse service account json file: Error: ENOENT: no such file or directory, open 'C:\Users\Administrator\OneDrive - (주)에스앤씨랩\바탕 화면\Owl-Running-Achive\owl-running-achieve-firebase-adminsdk-fbsvc-a52ce88a5f.json'
[error] !!  functions: Failed to load function definition from source: FirebaseError: Functions codebase could not be analyzed successfully. It may have a syntax or runtime error {"metadata":{"emulator":{"name":"functions"},"message":"Failed to load function definition from source: FirebaseError: Functions codebase could not be analyzed successfully. It may have a syntax or runtime error"}}
[debug] [2025-07-28T04:35:50.838Z] File C:\Users\Administrator\OneDrive - (주)에스앤씨랩\바탕 화면\Owl-Running-Achive\functions\src\index.ts changed, reloading triggers {"metadata":{"emulator":{"name":"functions"},"message":"File C:\\Users\\Administrator\\OneDrive - (주)에스앤씨랩\\바탕 화면\\Owl-Running-Achive\\functions\\src\\index.ts changed, reloading triggers"}}
[debug] [2025-07-28T04:35:50.879Z] File C:\Users\Administrator\OneDrive - (주)에스앤씨랩\바탕 화면\Owl-Running-Achive\functions\lib\index.js changed, reloading triggers {"metadata":{"emulator":{"name":"functions"},"message":"File C:\\Users\\Administrator\\OneDrive - (주)에스앤씨랩\\바탕 화면\\Owl-Running-Achive\\functions\\lib\\index.js changed, reloading triggers"}}
[debug] [2025-07-28T04:35:50.962Z] File C:\Users\Administrator\OneDrive - (주)에스앤씨랩\바탕 화면\Owl-Running-Achive\functions\lib\src\index.js changed, reloading triggers {"metadata":{"emulator":{"name":"functions"},"message":"File C:\\Users\\Administrator\\OneDrive - (주)에스앤씨랩\\바탕 화면\\Owl-Running-Achive\\functions\\lib\\src\\index.js changed, reloading triggers"}}
[debug] [2025-07-28T04:35:51.974Z] Validating nodejs source
[debug] [2025-07-28T04:35:55.302Z] > [functions] package.json contents: {
  "name": "functions",
  "type": "module",
  "scripts": {
    "lint": "eslint . --fix",
    "build": "tsc",
    "build:watch": "tsc --watch",
    "serve": "npm run build && firebase emulators:start --only functions",
    "shell": "npm run build && firebase functions:shell",
    "start": "npm run shell",
    "deploy": "firebase deploy --only functions",
    "logs": "firebase functions:log"
  },
  "engines": {
    "node": "22"
  },
  "main": "lib/index.js",
  "dependencies": {
    "axios": "^1.10.0",
    "firebase-admin": "^12.6.0",
    "firebase-functions": "^6.0.1"
  },
  "devDependencies": {
    "@typescript-eslint/eslint-plugin": "^8.38.0",
    "@typescript-eslint/parser": "^8.38.0",
    "eslint": "^9.31.0",
    "eslint-config-google": "^0.14.0",
    "eslint-plugin-import": "^2.25.4",
    "firebase-functions-test": "^3.1.0",
    "typescript": "^5.7.3"
  },
  "private": true
}
[debug] [2025-07-28T04:35:55.303Z] Building nodejs source
[debug] [2025-07-28T04:35:55.304Z] Failed to find version of module node: reached end of search path C:\Users\Administrator\OneDrive - (주)에스앤씨랩\바탕 화면\Owl-Running-Achive\functions\node_modules
[info] +  functions: Using node@22 from host. 
[debug] [2025-07-28T04:35:55.307Z] Could not find functions.yaml. Must use http discovery
[debug] [2025-07-28T04:35:55.316Z] Found firebase-functions binary at 'C:\Users\Administrator\OneDrive - (주)에스앤씨랩\바탕 화면\Owl-Running-Achive\functions\node_modules\.bin\firebase-functions'
[info] Serving at port 8312

[error] FirebaseAppError: Failed to parse service account json file: Error: ENOENT: no such file or directory, open 'C:\Users\Administrator\OneDrive - (주)에스앤씨랩\바탕 화면\Owl-Running-Achive\owl-running-achieve-firebase-adminsdk-fbsvc-a52ce88a5f.json'
    at ServiceAccount.fromPath (C:\Users\Administrator\OneDrive - (주)에스앤씨랩\바탕 화면\Owl-Running-Achive\functions\node_modules\firebase-admin\lib\app\credential-internal.js:124:19)
    at new ServiceAccountCredential (C:\Users\Administrator\OneDrive - (주)에스앤씨랩\바탕 화면\Owl-Running-Achive\functions\node_modules\firebase-admin\lib\app\credential-internal.js:69:28)
    at Object.cert (C:\Users\Administrator\OneDrive - (주)에스앤씨랩\바탕 화면\Owl-Running-Achive\functions\node_modules\firebase-admin\lib\app\credential-factory.js:103:54)
    at file:///C:/Users/Administrator/OneDrive%20-%20(%EC%A3%BC)%EC%97%90%EC%8A%A4%EC%95%A4%EC%94%A8%EB%9E%A9/%EB%B0%94%ED%83%95%20%ED%99%94%EB%A9%B4/Owl-Running-Achive/functions/lib/index.js:5:34
    at ModuleJobSync.runSync (node:internal/modules/esm/module_job:400:35)
    at ModuleLoader.importSyncForRequire (node:internal/modules/esm/loader:427:47)
    at loadESMFromCJS (node:internal/modules/cjs/loader:1561:24)
    at Module._compile (node:internal/modules/cjs/loader:1712:5)
    at Object..js (node:internal/modules/cjs/loader:1895:10)
    at Module.load (node:internal/modules/cjs/loader:1465:32) {
  errorInfo: {
    code: 'app/invalid-credential',
    message: "Failed to parse service account json file: Error: ENOENT: no such file or directory, open 'C:\\Users\\Administrator\\OneDrive - (주)에스앤씨랩\\바탕 화면\\Owl-Running-Achive\\owl-running-achieve-firebase-adminsdk-fbsvc-a52ce88a5f.json'"
  },
  codePrefix: 'app'
}

[debug] [2025-07-28T04:35:57.428Z] Got response code 400; body Failed to generate manifest from function source: Failed to parse service account json file: Error: ENOENT: no such file or directory, open 'C:\Users\Administrator\OneDrive - (주)에스앤씨랩\바탕 화면\Owl-Running-Achive\owl-running-achieve-firebase-adminsdk-fbsvc-a52ce88a5f.json'
[error] !!  functions: Failed to load function definition from source: FirebaseError: Functions codebase could not be analyzed successfully. It may have a syntax or runtime error {"metadata":{"emulator":{"name":"functions"},"message":"Failed to load function definition from source: FirebaseError: Functions codebase could not be analyzed successfully. It may have a syntax or runtime error"}}
[debug] [2025-07-28T04:45:35.461Z] File C:\Users\Administrator\OneDrive - (주)에스앤씨랩\바탕 화면\Owl-Running-Achive\functions\src\index.ts changed, reloading triggers {"metadata":{"emulator":{"name":"functions"},"message":"File C:\\Users\\Administrator\\OneDrive - (주)에스앤씨랩\\바탕 화면\\Owl-Running-Achive\\functions\\src\\index.ts changed, reloading triggers"}}
[debug] [2025-07-28T04:45:35.632Z] File C:\Users\Administrator\OneDrive - (주)에스앤씨랩\바탕 화면\Owl-Running-Achive\functions\src\index.ts changed, reloading triggers {"metadata":{"emulator":{"name":"functions"},"message":"File C:\\Users\\Administrator\\OneDrive - (주)에스앤씨랩\\바탕 화면\\Owl-Running-Achive\\functions\\src\\index.ts changed, reloading triggers"}}
[debug] [2025-07-28T04:45:36.841Z] Validating nodejs source
[debug] [2025-07-28T04:45:40.890Z] > [functions] package.json contents: {
  "name": "functions",
  "type": "module",
  "scripts": {
    "lint": "eslint . --fix",
    "build": "tsc",
    "build:watch": "tsc --watch",
    "serve": "npm run build && firebase emulators:start --only functions",
    "shell": "npm run build && firebase functions:shell",
    "start": "npm run shell",
    "deploy": "firebase deploy --only functions",
    "logs": "firebase functions:log"
  },
  "engines": {
    "node": "22"
  },
  "main": "lib/index.js",
  "dependencies": {
    "axios": "^1.10.0",
    "firebase-admin": "^12.6.0",
    "firebase-functions": "^6.0.1"
  },
  "devDependencies": {
    "@typescript-eslint/eslint-plugin": "^8.38.0",
    "@typescript-eslint/parser": "^8.38.0",
    "eslint": "^9.31.0",
    "eslint-config-google": "^0.14.0",
    "eslint-plugin-import": "^2.25.4",
    "firebase-functions-test": "^3.1.0",
    "typescript": "^5.7.3"
  },
  "private": true
}
[debug] [2025-07-28T04:45:40.892Z] Building nodejs source
[debug] [2025-07-28T04:45:40.893Z] Failed to find version of module node: reached end of search path C:\Users\Administrator\OneDrive - (주)에스앤씨랩\바탕 화면\Owl-Running-Achive\functions\node_modules
[info] +  functions: Using node@22 from host. 
[debug] [2025-07-28T04:45:40.934Z] Could not find functions.yaml. Must use http discovery
[debug] [2025-07-28T04:45:40.969Z] Found firebase-functions binary at 'C:\Users\Administrator\OneDrive - (주)에스앤씨랩\바탕 화면\Owl-Running-Achive\functions\node_modules\.bin\firebase-functions'
[info] Serving at port 8124

[debug] [2025-07-28T04:45:42.861Z] File C:\Users\Administrator\OneDrive - (주)에스앤씨랩\바탕 화면\Owl-Running-Achive\functions\lib\index.js changed, reloading triggers {"metadata":{"emulator":{"name":"functions"},"message":"File C:\\Users\\Administrator\\OneDrive - (주)에스앤씨랩\\바탕 화면\\Owl-Running-Achive\\functions\\lib\\index.js changed, reloading triggers"}}
[debug] [2025-07-28T04:45:43.886Z] Validating nodejs source
[debug] [2025-07-28T04:45:48.018Z] > [functions] package.json contents: {
  "name": "functions",
  "type": "module",
  "scripts": {
    "lint": "eslint . --fix",
    "build": "tsc",
    "build:watch": "tsc --watch",
    "serve": "npm run build && firebase emulators:start --only functions",
    "shell": "npm run build && firebase functions:shell",
    "start": "npm run shell",
    "deploy": "firebase deploy --only functions",
    "logs": "firebase functions:log"
  },
  "engines": {
    "node": "22"
  },
  "main": "lib/index.js",
  "dependencies": {
    "axios": "^1.10.0",
    "firebase-admin": "^12.6.0",
    "firebase-functions": "^6.0.1"
  },
  "devDependencies": {
    "@typescript-eslint/eslint-plugin": "^8.38.0",
    "@typescript-eslint/parser": "^8.38.0",
    "eslint": "^9.31.0",
    "eslint-config-google": "^0.14.0",
    "eslint-plugin-import": "^2.25.4",
    "firebase-functions-test": "^3.1.0",
    "typescript": "^5.7.3"
  },
  "private": true
}
[debug] [2025-07-28T04:45:48.019Z] Building nodejs source
[debug] [2025-07-28T04:45:48.019Z] Failed to find version of module node: reached end of search path C:\Users\Administrator\OneDrive - (주)에스앤씨랩\바탕 화면\Owl-Running-Achive\functions\node_modules
[info] +  functions: Using node@22 from host. 
[debug] [2025-07-28T04:45:48.023Z] Could not find functions.yaml. Must use http discovery
[debug] [2025-07-28T04:45:48.032Z] Found firebase-functions binary at 'C:\Users\Administrator\OneDrive - (주)에스앤씨랩\바탕 화면\Owl-Running-Achive\functions\node_modules\.bin\firebase-functions'
[error] FirebaseAppError: Failed to parse service account json file: Error: ENOENT: no such file or directory, open 'C:\Users\Administrator\OneDrive - (주)에스앤씨랩\바탕 화면\Owl-Running-Achive\owl-running-achieve-firebase-adminsdk-fbsvc-a52ce88a5f.json'
    at ServiceAccount.fromPath (C:\Users\Administrator\OneDrive - (주)에스앤씨랩\바탕 화면\Owl-Running-Achive\functions\node_modules\firebase-admin\lib\app\credential-internal.js:124:19)
    at new ServiceAccountCredential (C:\Users\Administrator\OneDrive - (주)에스앤씨랩\바탕 화면\Owl-Running-Achive\functions\node_modules\firebase-admin\lib\app\credential-internal.js:69:28)
    at Object.cert (C:\Users\Administrator\OneDrive - (주)에스앤씨랩\바탕 화면\Owl-Running-Achive\functions\node_modules\firebase-admin\lib\app\credential-factory.js:103:54)
    at file:///C:/Users/Administrator/OneDrive%20-%20(%EC%A3%BC)%EC%97%90%EC%8A%A4%EC%95%A4%EC%94%A8%EB%9E%A9/%EB%B0%94%ED%83%95%20%ED%99%94%EB%A9%B4/Owl-Running-Achive/functions/lib/index.js:5:34
    at ModuleJobSync.runSync (node:internal/modules/esm/module_job:400:35)
    at ModuleLoader.importSyncForRequire (node:internal/modules/esm/loader:427:47)
    at loadESMFromCJS (node:internal/modules/cjs/loader:1561:24)
    at Module._compile (node:internal/modules/cjs/loader:1712:5)
    at Object..js (node:internal/modules/cjs/loader:1895:10)
    at Module.load (node:internal/modules/cjs/loader:1465:32) {
  errorInfo: {
    code: 'app/invalid-credential',
    message: "Failed to parse service account json file: Error: ENOENT: no such file or directory, open 'C:\\Users\\Administrator\\OneDrive - (주)에스앤씨랩\\바탕 화면\\Owl-Running-Achive\\owl-running-achieve-firebase-adminsdk-fbsvc-a52ce88a5f.json'"
  },
  codePrefix: 'app'
}

[debug] [2025-07-28T04:45:48.055Z] Got response code 400; body Failed to generate manifest from function source: Failed to parse service account json file: Error: ENOENT: no such file or directory, open 'C:\Users\Administrator\OneDrive - (주)에스앤씨랩\바탕 화면\Owl-Running-Achive\owl-running-achieve-firebase-adminsdk-fbsvc-a52ce88a5f.json'
[info] Serving at port 8829

[error] FirebaseAppError: Failed to parse service account json file: Error: ENOENT: no such file or directory, open 'C:\Users\Administrator\OneDrive - (주)에스앤씨랩\바탕 화면\Owl-Running-Achive\owl-running-achieve-firebase-adminsdk-fbsvc-8d491097e7.json'
    at ServiceAccount.fromPath (C:\Users\Administrator\OneDrive - (주)에스앤씨랩\바탕 화면\Owl-Running-Achive\functions\node_modules\firebase-admin\lib\app\credential-internal.js:124:19)
    at new ServiceAccountCredential (C:\Users\Administrator\OneDrive - (주)에스앤씨랩\바탕 화면\Owl-Running-Achive\functions\node_modules\firebase-admin\lib\app\credential-internal.js:69:28)
    at Object.cert (C:\Users\Administrator\OneDrive - (주)에스앤씨랩\바탕 화면\Owl-Running-Achive\functions\node_modules\firebase-admin\lib\app\credential-factory.js:103:54)
    at file:///C:/Users/Administrator/OneDrive%20-%20(%EC%A3%BC)%EC%97%90%EC%8A%A4%EC%95%A4%EC%94%A8%EB%9E%A9/%EB%B0%94%ED%83%95%20%ED%99%94%EB%A9%B4/Owl-Running-Achive/functions/lib/index.js:5:34
    at ModuleJobSync.runSync (node:internal/modules/esm/module_job:400:35)
    at ModuleLoader.importSyncForRequire (node:internal/modules/esm/loader:427:47)
    at loadESMFromCJS (node:internal/modules/cjs/loader:1561:24)
    at Module._compile (node:internal/modules/cjs/loader:1712:5)
    at Object..js (node:internal/modules/cjs/loader:1895:10)
    at Module.load (node:internal/modules/cjs/loader:1465:32) {
  errorInfo: {
    code: 'app/invalid-credential',
    message: "Failed to parse service account json file: Error: ENOENT: no such file or directory, open 'C:\\Users\\Administrator\\OneDrive - (주)에스앤씨랩\\바탕 화면\\Owl-Running-Achive\\owl-running-achieve-firebase-adminsdk-fbsvc-8d491097e7.json'"
  },
  codePrefix: 'app'
}

[debug] [2025-07-28T04:45:50.667Z] Got response code 400; body Failed to generate manifest from function source: Failed to parse service account json file: Error: ENOENT: no such file or directory, open 'C:\Users\Administrator\OneDrive - (주)에스앤씨랩\바탕 화면\Owl-Running-Achive\owl-running-achieve-firebase-adminsdk-fbsvc-8d491097e7.json'
[error] !!  functions: Failed to load function definition from source: FirebaseError: Functions codebase could not be analyzed successfully. It may have a syntax or runtime error {"metadata":{"emulator":{"name":"functions"},"message":"Failed to load function definition from source: FirebaseError: Functions codebase could not be analyzed successfully. It may have a syntax or runtime error"}}
[debug] [2025-07-28T04:45:53.566Z] File C:\Users\Administrator\OneDrive - (주)에스앤씨랩\바탕 화면\Owl-Running-Achive\functions\lib\src\index.js changed, reloading triggers {"metadata":{"emulator":{"name":"functions"},"message":"File C:\\Users\\Administrator\\OneDrive - (주)에스앤씨랩\\바탕 화면\\Owl-Running-Achive\\functions\\lib\\src\\index.js changed, reloading triggers"}}
[debug] [2025-07-28T04:45:54.586Z] Validating nodejs source
[debug] [2025-07-28T04:45:59.280Z] > [functions] package.json contents: {
  "name": "functions",
  "type": "module",
  "scripts": {
    "lint": "eslint . --fix",
    "build": "tsc",
    "build:watch": "tsc --watch",
    "serve": "npm run build && firebase emulators:start --only functions",
    "shell": "npm run build && firebase functions:shell",
    "start": "npm run shell",
    "deploy": "firebase deploy --only functions",
    "logs": "firebase functions:log"
  },
  "engines": {
    "node": "22"
  },
  "main": "lib/index.js",
  "dependencies": {
    "axios": "^1.10.0",
    "firebase-admin": "^12.6.0",
    "firebase-functions": "^6.0.1"
  },
  "devDependencies": {
    "@typescript-eslint/eslint-plugin": "^8.38.0",
    "@typescript-eslint/parser": "^8.38.0",
    "eslint": "^9.31.0",
    "eslint-config-google": "^0.14.0",
    "eslint-plugin-import": "^2.25.4",
    "firebase-functions-test": "^3.1.0",
    "typescript": "^5.7.3"
  },
  "private": true
}
[debug] [2025-07-28T04:45:59.280Z] Building nodejs source
[debug] [2025-07-28T04:45:59.281Z] Failed to find version of module node: reached end of search path C:\Users\Administrator\OneDrive - (주)에스앤씨랩\바탕 화면\Owl-Running-Achive\functions\node_modules
[info] +  functions: Using node@22 from host. 
[debug] [2025-07-28T04:45:59.291Z] Could not find functions.yaml. Must use http discovery
[debug] [2025-07-28T04:45:59.302Z] Found firebase-functions binary at 'C:\Users\Administrator\OneDrive - (주)에스앤씨랩\바탕 화면\Owl-Running-Achive\functions\node_modules\.bin\firebase-functions'
[error] !!  functions: Failed to load function definition from source: FirebaseError: Functions codebase could not be analyzed successfully. It may have a syntax or runtime error {"metadata":{"emulator":{"name":"functions"},"message":"Failed to load function definition from source: FirebaseError: Functions codebase could not be analyzed successfully. It may have a syntax or runtime error"}}
[info] Serving at port 8810

[debug] [2025-07-28T04:46:03.779Z] File C:\Users\Administrator\OneDrive - (주)에스앤씨랩\바탕 화면\Owl-Running-Achive\functions\src\index.ts changed, reloading triggers {"metadata":{"emulator":{"name":"functions"},"message":"File C:\\Users\\Administrator\\OneDrive - (주)에스앤씨랩\\바탕 화면\\Owl-Running-Achive\\functions\\src\\index.ts changed, reloading triggers"}}
[error] FirebaseAppError: Failed to parse service account json file: Error: ENOENT: no such file or directory, open 'C:\Users\Administrator\OneDrive - (주)에스앤씨랩\바탕 화면\Owl-Running-Achive\owl-running-achieve-firebase-adminsdk-fbsvc-8d491097e7.json'
    at ServiceAccount.fromPath (C:\Users\Administrator\OneDrive - (주)에스앤씨랩\바탕 화면\Owl-Running-Achive\functions\node_modules\firebase-admin\lib\app\credential-internal.js:124:19)
    at new ServiceAccountCredential (C:\Users\Administrator\OneDrive - (주)에스앤씨랩\바탕 화면\Owl-Running-Achive\functions\node_modules\firebase-admin\lib\app\credential-internal.js:69:28)
    at Object.cert (C:\Users\Administrator\OneDrive - (주)에스앤씨랩\바탕 화면\Owl-Running-Achive\functions\node_modules\firebase-admin\lib\app\credential-factory.js:103:54)
    at file:///C:/Users/Administrator/OneDrive%20-%20(%EC%A3%BC)%EC%97%90%EC%8A%A4%EC%95%A4%EC%94%A8%EB%9E%A9/%EB%B0%94%ED%83%95%20%ED%99%94%EB%A9%B4/Owl-Running-Achive/functions/lib/index.js:5:34
    at ModuleJobSync.runSync (node:internal/modules/esm/module_job:400:35)
    at ModuleLoader.importSyncForRequire (node:internal/modules/esm/loader:427:47)
    at loadESMFromCJS (node:internal/modules/cjs/loader:1561:24)
    at Module._compile (node:internal/modules/cjs/loader:1712:5)
    at Object..js (node:internal/modules/cjs/loader:1895:10)
    at Module.load (node:internal/modules/cjs/loader:1465:32) {
  errorInfo: {
    code: 'app/invalid-credential',
    message: "Failed to parse service account json file: Error: ENOENT: no such file or directory, open 'C:\\Users\\Administrator\\OneDrive - (주)에스앤씨랩\\바탕 화면\\Owl-Running-Achive\\owl-running-achieve-firebase-adminsdk-fbsvc-8d491097e7.json'"
  },
  codePrefix: 'app'
}

[debug] [2025-07-28T04:46:04.210Z] Got response code 400; body Failed to generate manifest from function source: Failed to parse service account json file: Error: ENOENT: no such file or directory, open 'C:\Users\Administrator\OneDrive - (주)에스앤씨랩\바탕 화면\Owl-Running-Achive\owl-running-achieve-firebase-adminsdk-fbsvc-8d491097e7.json'
[debug] [2025-07-28T04:46:04.798Z] Validating nodejs source
[debug] [2025-07-28T04:46:11.592Z] > [functions] package.json contents: {
  "name": "functions",
  "type": "module",
  "scripts": {
    "lint": "eslint . --fix",
    "build": "tsc",
    "build:watch": "tsc --watch",
    "serve": "npm run build && firebase emulators:start --only functions",
    "shell": "npm run build && firebase functions:shell",
    "start": "npm run shell",
    "deploy": "firebase deploy --only functions",
    "logs": "firebase functions:log"
  },
  "engines": {
    "node": "22"
  },
  "main": "lib/index.js",
  "dependencies": {
    "axios": "^1.10.0",
    "firebase-admin": "^12.6.0",
    "firebase-functions": "^6.0.1"
  },
  "devDependencies": {
    "@typescript-eslint/eslint-plugin": "^8.38.0",
    "@typescript-eslint/parser": "^8.38.0",
    "eslint": "^9.31.0",
    "eslint-config-google": "^0.14.0",
    "eslint-plugin-import": "^2.25.4",
    "firebase-functions-test": "^3.1.0",
    "typescript": "^5.7.3"
  },
  "private": true
}
[debug] [2025-07-28T04:46:11.592Z] Building nodejs source
[debug] [2025-07-28T04:46:11.593Z] Failed to find version of module node: reached end of search path C:\Users\Administrator\OneDrive - (주)에스앤씨랩\바탕 화면\Owl-Running-Achive\functions\node_modules
[info] +  functions: Using node@22 from host. 
[debug] [2025-07-28T04:46:11.600Z] Could not find functions.yaml. Must use http discovery
[debug] [2025-07-28T04:46:11.611Z] Found firebase-functions binary at 'C:\Users\Administrator\OneDrive - (주)에스앤씨랩\바탕 화면\Owl-Running-Achive\functions\node_modules\.bin\firebase-functions'
[error] !!  functions: Failed to load function definition from source: FirebaseError: Functions codebase could not be analyzed successfully. It may have a syntax or runtime error {"metadata":{"emulator":{"name":"functions"},"message":"Failed to load function definition from source: FirebaseError: Functions codebase could not be analyzed successfully. It may have a syntax or runtime error"}}
[info] Serving at port 8401

[error] FirebaseAppError: Failed to parse service account json file: Error: ENOENT: no such file or directory, open 'C:\Users\Administrator\OneDrive - (주)에스앤씨랩\바탕 화면\Owl-Running-Achive\owl-running-achieve-firebase-adminsdk-fbsvc-8d491097e7.json'
    at ServiceAccount.fromPath (C:\Users\Administrator\OneDrive - (주)에스앤씨랩\바탕 화면\Owl-Running-Achive\functions\node_modules\firebase-admin\lib\app\credential-internal.js:124:19)
    at new ServiceAccountCredential (C:\Users\Administrator\OneDrive - (주)에스앤씨랩\바탕 화면\Owl-Running-Achive\functions\node_modules\firebase-admin\lib\app\credential-internal.js:69:28)
    at Object.cert (C:\Users\Administrator\OneDrive - (주)에스앤씨랩\바탕 화면\Owl-Running-Achive\functions\node_modules\firebase-admin\lib\app\credential-factory.js:103:54)
    at file:///C:/Users/Administrator/OneDrive%20-%20(%EC%A3%BC)%EC%97%90%EC%8A%A4%EC%95%A4%EC%94%A8%EB%9E%A9/%EB%B0%94%ED%83%95%20%ED%99%94%EB%A9%B4/Owl-Running-Achive/functions/lib/index.js:5:34
    at ModuleJobSync.runSync (node:internal/modules/esm/module_job:400:35)
    at ModuleLoader.importSyncForRequire (node:internal/modules/esm/loader:427:47)
    at loadESMFromCJS (node:internal/modules/cjs/loader:1561:24)
    at Module._compile (node:internal/modules/cjs/loader:1712:5)
    at Object..js (node:internal/modules/cjs/loader:1895:10)
    at Module.load (node:internal/modules/cjs/loader:1465:32) {
  errorInfo: {
    code: 'app/invalid-credential',
    message: "Failed to parse service account json file: Error: ENOENT: no such file or directory, open 'C:\\Users\\Administrator\\OneDrive - (주)에스앤씨랩\\바탕 화면\\Owl-Running-Achive\\owl-running-achieve-firebase-adminsdk-fbsvc-8d491097e7.json'"
  },
  codePrefix: 'app'
}

[debug] [2025-07-28T04:46:17.103Z] Got response code 400; body Failed to generate manifest from function source: Failed to parse service account json file: Error: ENOENT: no such file or directory, open 'C:\Users\Administrator\OneDrive - (주)에스앤씨랩\바탕 화면\Owl-Running-Achive\owl-running-achieve-firebase-adminsdk-fbsvc-8d491097e7.json'
[error] !!  functions: Failed to load function definition from source: FirebaseError: Functions codebase could not be analyzed successfully. It may have a syntax or runtime error {"metadata":{"emulator":{"name":"functions"},"message":"Failed to load function definition from source: FirebaseError: Functions codebase could not be analyzed successfully. It may have a syntax or runtime error"}}
